Country Name,Country Code,Indicator Name,Indicator Code,1990,1991,1992,1993,1994,1995,1996,1997,1998,1999,2000,2001,2002,2003,2004,2005,2006,2007,2008,2009,2010,2011,2012,2013,2014,2015,2016,2017,2018,2019,2020
Aruba,ABW,Access to electricity (% of population),EG.ELC.ACCS.ZS,100,256192.21.00,32953.43.00,399955.34.00,100,100,100,100,100,100,11097.38.00,100,100,100,100,100,100,100,100,100,593913.15.00,100,100,100,100,100,100,100,100,100,100
Africa Eastern and Southern,AFE,Access to electricity (% of population),EG.ELC.ACCS.ZS,,,,,,,,,,,1595521.42.00,1625626.48.00,960854.21.00,882130.03.00,1249241.57.00,821710.58.00,318726.04.00,1346587.51.00,1572218.28.00,323184.41.00,666877.23.00,1523941.52.00,1111577.27.00,1158670.07.00,1432126.34.00,1505890.45.00,1419111.09.00,328926.27.00,47263.22.00,649665.23.00,447746.57.00
Afghanistan,AFG,Access to electricity (% of population),EG.ELC.ACCS.ZS,,,,,,,,,,,7448184.31.00,4908793.14.00,222708.05.00,161878.47.00,1356993.28.00,1116148.01.00,907396.53.00,733375.24.00,42.4,465059.36.00,42.7,370074.31.00,69.1,6881.03.00,89.5,71.5,97.7,97.7,718222.29.00,97.7,97.7
Africa Western and Central,AFW,Access to electricity (% of population),EG.ELC.ACCS.ZS,,,,958581.35.00,101647.22.00,1009479.37.00,1048902.24.00,769693.08.00,764416.12.00,1350748.07.00,229985.15.00,387853.01.00,1204911.28.00,1374353.18.00,821800.16.00,1320309.12.00,1364737.46.00,1273949.07.00,1235294.07.00,1451778.34.00,1398889.19.00,1518438.15.00,89543.23.00,8711.58.00,1079056.07.00,1264959.43.00,1505230.23.00,1312781.44.00,354822.13.00,268079.23.00,1224030.57.00
Angola,AGO,Access to electricity (% of population),EG.ELC.ACCS.ZS,,,,,,,,,,,39834.49.00,20,533784.48.00,591921.47.00,659169.32.00,747210.34.00,867342.45.00,37.5,38.49.00,1411661.43.00,1633455.35.00,34.6,432521.57.00,66401.01.00,32,42,1308431.18.00,1510445.57.00,45.29.00,1056512.42.00,1592453.14.00
Albania,ALB,Access to electricity (% of population),EG.ELC.ACCS.ZS,100,100,100,100,100,100,100,100,100,100,71908.08.00,703414.44.00,674397.36.00,642811.55.00,620330.38.00,618639.27.00,649042.35.00,714184.54.00,100,924183.59.00,1073770.59.00,1197837.39.00,99.9,1483952.39.00,100.35.00,100.38.00,100.29.00,100.29.00,100,100,100
Andorra,AND,Access to electricity (% of population),EG.ELC.ACCS.ZS,100,100,100,100,100,100,100,100,100,100,100,100,100,100,100,100,100,100,100,100,100,100,100,100,100,100,100,100,100,100,100
Arab World,ARB,Access to electricity (% of population),EG.ELC.ACCS.ZS,,,,,,,1607285.43.00,103997.07.00,869092.43.00,187278.24.00,181500.09.00,1560452.32.00,1506778.49.00,1480446.31.00,138463.18.00,98492.58.00,1359865.44.00,254252.44.00,1397348.47.00,1226481.05.00,8124.11.00,1199368.48.00,670923.03.00,567930.18.00,1387214.33.00,89841.39.00,898449.06.00,1104679.34.00,294987.03.00,588093.49.00,1058506.41.00
United Arab Emirates,ARE,Access to electricity (% of population),EG.ELC.ACCS.ZS,100,100,100,100,100,100,100,100,100,100,100,100,100,100,100,100,100,100,100,100,100,100,100,100,100,100,100,100,100,100,100
Argentina,ARG,Access to electricity (% of population),EG.ELC.ACCS.ZS,258092.42.00,82123.15.00,1382512.51.00,276836.34.00,835549.51.00,1390868.03.00,274993.48.00,820114.02.00,1358431.24.00,222021.22.00,1134217.13.00,851867.27.00,160097.07.00,496680.34.00,842381.09.00,120973.35.00,1607444.07.00,374089.55.00,836100.37.00,1320440.01.00,99.22.00,5813.25.00,239763.43.00,476389.23.00,100,1148488.11.00,1499669.13.00,100,1656326.07.00,100,100
Armenia,ARM,Access to electricity (% of population),EG.ELC.ACCS.ZS,,,,,,,,,,,98.9,100,98,178283.31.00,157493.25.00,99.8,189587.44.00,256408.31.00,351953.58.00,469789.58.00,99.8,824455.05.00,893208.38.00,99.42.00,100.11.00,100,99.8,99.7,99.9,100,100
American Samoa,ASM,Access to electricity (% of population),EG.ELC.ACCS.ZS,,,,,,,,,,,,,,,,,,,,,,,,,,,,,,,
Antigua and Barbuda,ATG,Access to electricity (% of population),EG.ELC.ACCS.ZS,1271838.46.00,1567846.34.00,196985.14.00,491670.36.00,784079.52.00,1073094.03.00,1357568.44.00,1636384.58.00,241732.38.00,505684.16.00,1121974.02.00,1243103.23.00,100,1454297.45.00,1567721.25.00,92.2,100,100,100,884421.07.00,1152390.53.00,920117.23.00,100,100,100,100,100,100,100,100,100
Australia,AUS,Access to electricity (% of population),EG.ELC.ACCS.ZS,100,100,100,100,100,100,100,100,100,100,100,100,100,100,100,100,100,100,100,100,100,100,100,100,100,100,100,100,100,100,100
Austria,AUT,Access to electricity (% of population),EG.ELC.ACCS.ZS,100,100,100,100,100,100,100,100,100,100,100,100,100,100,100,100,100,100,100,100,100,100,100,100,100,100,100,100,100,100,100
Azerbaijan,AZE,Access to electricity (% of population),EG.ELC.ACCS.ZS,,,,,,,,,,97,1513802.05.00,996763.57.00,100,1413074.35.00,1629062.45.00,199162.37.00,99.5,771634.14.00,1103932.31.00,1458546.46.00,1579536.15.00,99.9,100,100,100,100,100,100,100,100,100
Burundi,BDI,Access to electricity (% of population),EG.ELC.ACCS.ZS,,,,,,,,,3.9,1182490.36.00,8971299.44.00,13868461.04.00,1956509.34.00,6685561.57.00,11505733.57.00,3455287.33.00,3.06,10912422.22.00,4.8,6435653.36.00,5.3,2595390.55.00,6.5,6.9,7,14835253.24.00,7966653.34.00,9.3,8488219.03.00,13990013.51.00,9.1
Belgium,BEL,Access to electricity (% of population),EG.ELC.ACCS.ZS,100,100,100,100,100,100,100,100,100,100,100,100,100,100,100,100,100,100,100,100,100,100,100,100,100,100,100,100,100,100,100
Benin,BEN,Access to electricity (% of population),EG.ELC.ACCS.ZS,,,,,,,14.5,982728.31.00,96394.47.00,936757.04.00,890571.37.00,21.9,598259.43.00,442417.37.00,295686.17.00,169741.53.00,27.9,16774.31.00,1653028.31.00,1644929.38.00,34.2,36.9,38.4,108972.13.00,34.1,30.02.00,43829.43.00,34.5,1609.23.00,1663526.45.00,164361.54.00
Burkina Faso,BFA,Access to electricity (% of population),EG.ELC.ACCS.ZS,,,,6.1,2083506.14.00,10422219.52.00,2048944.29.00,10285670.36.00,1787749.59.00,6.9,1692192.49.00,8563638.47.00,15292637.36.00,11.4,1212385.58.00,245957.15.00,978283.45.00,78677.25.00,874445.31.00,13.03,13.1,1292679.48.00,109716.09.00,647537.37.00,19.2,255349.35.00,945676.16.00,22218.32.00,14.4,17.6,778817.03.00
Bangladesh,BGD,Access to electricity (% of population),EG.ELC.ACCS.ZS,,14.29,1509041.15.00,1196479.05.00,17.8,563426.32.00,240664.49.00,22.4,1243680.53.00,900386.34.00,32,54146.29.00,125724.55.00,790451.38.00,40.6,44.23.00,875220.46.00,46.5,447963.02.00,129248.05.00,55.26.00,59.6,909641.25.00,61.5,62.4,4193.52.00,76.32.00,88,152633.12.00,92.2,96.2
Bulgaria,BGR,Access to electricity (% of population),EG.ELC.ACCS.ZS,100,100,100,100,100,100,100,100,100,100,153349.49.00,1008032.45.00,181795.45.00,1019668.34.00,199992.51.00,1067772.54.00,300968.53.00,1235569.43.00,532204.07.00,1517832.53.00,852690.33.00,197072.15.00,1211234.57.00,555438.38.00,1557941.04.00,974573.08.00,563146.19.00,108206.31.00,1166161.57.00,325111.12.00,99.7
Bahrain,BHR,Access to electricity (% of population),EG.ELC.ACCS.ZS,1569096.42.00,1612418.57.00,1645403.22.00,1661997.18.00,1666384.12.00,100,100,100,100,100,100,100,100,100,100,100,100,100,100,100,100,100,100,100,100,100,100,100,100,100,100
Bahamas, The,BHS,Access to electricity (% of population),EG.ELC.ACCS.ZS,100,100,100,100,100,100,100,100,100,100,100,100,100,100,100,100,100,100,100,100,100,100,100,100,100,100,100,100,100,100,100
Bosnia and Herzegovina,BIH,Access to electricity (% of population),EG.ELC.ACCS.ZS,100,100,100,100,100,100,100,100,100,100,1665404.05.00,99.4,98.5,69386.37.00,95580.52.00,142577.57.00,645560.39.00,99.7,478004.16.00,642837.21.00,823577.42.00,1176399.55.00,1207221.48.00,99.5,1537778.02.00,99.7,1661285.13.00,100,100,100,100
Belarus,BLR,Access to electricity (% of population),EG.ELC.ACCS.ZS,100,100,100,100,100,100,100,100,100,100,1664046.14.00,844917.17.00,11534.06.00,842260.43.00,15426.05.00,876047.13.00,1112.03.00,1029551.38.00,31987.41.00,1297509.41.00,625221.09.00,1629109.36.00,969460.26.00,306517.55.00,1301861.27.00,622235.59.00,7265.49.00,1236784.42.00,581369.51.00,100,100
Belize,BLZ,Access to electricity (% of population),EG.ELC.ACCS.ZS,,67,374929.35.00,205621.36.00,34050.14.00,1525736.44.00,1346230.48.00,1161053.41.00,969086.24.00,846.58.00,79,388441.37.00,63201.31.00,1402058.32.00,1083354.18.00,785452.52.00,1647641.26.00,288552.24.00,946.51.00,1572771.15.00,1528796.17.00,1136317.39.00,1536828.05.00,222360.42.00,784469.03.00,91.8,434574.18.00,250643.19.00,92.12.00,93.12.00,1346137.22.00
Bermuda,BMU,Access to electricity (% of population),EG.ELC.ACCS.ZS,100,100,100,100,100,100,100,100,100,100,100,100,100,100,100,100,100,100,100,100,100,100,100,100,100,100,100,100,100,100,100
Bolivia,BOL,Access to electricity (% of population),EG.ELC.ACCS.ZS,,,4710.07.00,640109.59.00,64.1,152613.45.00,71,5574.11.00,71.2,15568.08.00,16119.45.00,4377.59.00,16677.15.00,72.3,1443162.16.00,4871.29.00,3597.21.00,2689.27.00,11333.51.00,12845.57.00,1587446.07.00,5687.03.00,6546.15.00,8517.06.00,735.29.00,8804.42.00,91.8,91.8,92.8,95.08.00,369792.02.00
Brazil,BRA,Access to electricity (% of population),EG.ELC.ACCS.ZS,8005.36.00,1010997.29.00,13485.13.00,16754.27.00,1472971.03.00,12234.18.00,14543.35.00,5995.19.00,3324.12.00,1365.36.00,719113.34.00,371.28.00,10979.16.00,16430.58.00,12847.47.00,1655.33.00,10002.14.00,2187.42.00,8875.05.00,14380.18.00,98.6,5577.11.00,8757.14.00,9684.51.00,10936.27.00,11947.22.00,99.7,99.8,99.7,99.8,1171287.21.00
Barbados,BRB,Access to electricity (% of population),EG.ELC.ACCS.ZS,1640520.33.00,1655830.12.00,1664578.34.00,100,100,100,100,100,100,100,100,1665201.38.00,100,1610931.13.00,1539926.59.00,1449442.22.00,100,100,100,100,100,100,100,100,100,100,100,100,100,100,100
Brunei Darussalam,BRN,Access to electricity (% of population),EG.ELC.ACCS.ZS,100,100,100,100,100,100,100,100,100,100,100,100,100,100,100,100,100,100,100,100,100,100,100,100,100,100,100,100,100,100,100
Bhutan,BTN,Access to electricity (% of population),EG.ELC.ACCS.ZS,,,,,,,,,,,31.15.00,407169.55.00,19908.24.00,41.1,145282.53.00,1346911.44.00,1122164.55.00,71.8,922231.55.00,858924.39.00,471591.07.00,1302011.45.00,91.5,700859.36.00,654426.01.00,60055.41.00,538060.19.00,97.7,1596219.12.00,100,100
Botswana,BWA,Access to electricity (% of population),EG.ELC.ACCS.ZS,,10.1,6637121.18.00,1070138.29.00,1474290.11.00,208377.57.00,604596.39.00,995150.32.00,1378904.44.00,8815.01.00,860297.27.00,24.8,27,119394.53.00,430638.02.00,762664.55.00,1126786.08.00,152600.55.00,44.5,43.36.00,5653.53.00,53.24.00,1609513.55.00,1620553.07.00,3767.15.00,62.13.00,338338.38.00,67.4,424631.05.00,158545.14.00,1381945.05.00
Central African Republic,CAF,Access to electricity (% of population),EG.ELC.ACCS.ZS,,,,,,3,5581930.18.00,13836839.49.00,5357094.38.00,13463310.26.00,6,11774171.26.00,2215908.01.00,9298648.29.00,16472504.35.00,7187596.01.00,13419495.45.00,6273595.33.00,7.48,650427.36.00,9.8,737139.51.00,1621702.59.00,836315.02.00,61188.37.00,1188329.56.00,674685.08.00,1189.08.00,1073272.43.00,14.3,676203.28.00
Canada,CAN,Access to electricity (% of population),EG.ELC.ACCS.ZS,100,100,100,100,100,100,100,100,100,100,100,100,100,100,100,100,100,100,100,100,100,100,100,100,100,100,100,100,100,100,100
Central Europe and the Baltics,CEB,Access to electricity (% of population),EG.ELC.ACCS.ZS,100,100,100,100,100,100,100,100,100,100,1543543.54.00,46013.14.00,207430.26.00,323304.26.00,425177.53.00,534472.35.00,677866.05.00,883185.08.00,1091773.21.00,1422412.49.00,1607123.34.00,12779.18.00,324698.08.00,509223.51.00,689493.59.00,874905.12.00,1072759.54.00,1444636.58.00,1462148.02.00,1575367.17.00,1631332.07.00
Switzerland,CHE,Access to electricity (% of population),EG.ELC.ACCS.ZS,100,100,100,100,100,100,100,100,100,100,100,100,100,100,100,100,100,100,100,100,100,100,100,100,100,100,100,100,100,100,100
Channel Islands,CHI,Access to electricity (% of population),EG.ELC.ACCS.ZS,100,100,100,100,100,100,100,100,100,100,100,100,100,100,100,100,100,100,100,100,100,100,100,100,100,100,100,100,100,100,100
Chile,CHL,Access to electricity (% of population),EG.ELC.ACCS.ZS,4382.27.00,1302800.24.00,9428.17.00,456307.22.00,863551.44.00,1267401.01.00,10383.35.00,393709.11.00,4115.44.00,1159344.21.00,15741.47.00,224032.27.00,444572.49.00,13136.45.00,889646.15.00,113841.06.00,6234.08.00,65545.29.00,408957.15.00,9993.22.00,876589.17.00,9902.13.00,100,99.6,100,12013.04.00,100,99.7,100,100,100
China,CHN,Access to electricity (% of population),EG.ELC.ACCS.ZS,,,,,,,,,,,1241856.15.00,1642285.02.00,361793.53.00,745412.33.00,1138148.21.00,1551661.32.00,330603.22.00,81181.56.00,1319995.58.00,184692.12.00,99.7,1478777.23.00,1579154.47.00,1655016.24.00,100,100,100,100,100,100,100
Cote d'Ivoire,CIV,Access to electricity (% of population),EG.ELC.ACCS.ZS,,,,,36.5,1052130.09.00,1080398.03.00,1102994.47.00,1118788.37.00,48.2,1220089.55.00,1110679.02.00,51.4,86127.06.00,74417.37.00,58.9,285147.43.00,553682.01.00,60.3,574429.37.00,611871.52.00,55.8,55.8,755682.36.00,61.9,62.6,64.3,65.6,247831.35.00,944485.19.00,1463946.22.00
Cameroon,CMR,Access to electricity (% of population),EG.ELC.ACCS.ZS,,29,1162573.42.00,1415355.37.00,1665874.09.00,246325.34.00,488909.32.00,72617.04.00,40.7,1177999.27.00,41,46.2,60697.41.00,150089.46.00,47.1,36829.35.00,49,48.2,920186.46.00,1157322.04.00,1410364.39.00,53.7,27242.59.00,534323.26.00,56.8,1034038.03.00,1272832.45.00,1506096.07.00,62.2,294888.14.00,519854.39.00
Congo, Dem. Rep.,COD,Access to electricity (% of population),EG.ELC.ACCS.ZS,,,,,,,,,,,6.7,1855801.35.00,1210150.34.00,5654756.17.00,15965867.06.00,6,399152.54.00,15.2,998643.07.00,501720.59.00,2082.57.00,1215882.35.00,15.4,275839.52.00,13.5,97425.53.00,478853.42.00,1644726.54.00,1139782.47.00,19.1,122986.46.00
Congo, Rep.,COG,Access to electricity (% of population),EG.ELC.ACCS.ZS,,,,,,,,,,,700165.49.00,5480.34.00,375762.47.00,203876.42.00,41098.13.00,33.8,1455875.04.00,1380713.49.00,1334258.09.00,37.1,14090.48.00,1362268.24.00,41.6,833521.34.00,668416.06.00,557727.19.00,472921.14.00,34501.37.00,62519.02.00,121517.08.00,1131932.15.00
Colombia,COL,Access to electricity (% of population),EG.ELC.ACCS.ZS,89.9,1394515.26.00,221191.51.00,713414.57.00,1203361.58.00,91.2,505260.39.00,981614.36.00,1451165.42.00,24682.16.00,95.2,98.47.00,1468498.08.00,128739.18.00,464763.16.00,96.8,1210473.01.00,1634107.51.00,13542.03.00,1049.49.00,13245.55.00,211.36.00,633.16.00,13087.18.00,13279.18.00,3212.58.00,98.4,98.5,98.5,740531.44.00,1203025.38.00
Comoros,COM,Access to electricity (% of population),EG.ELC.ACCS.ZS,,,,,,,28.9,1270720.22.00,15789.42.00,703041.12.00,1321024.09.00,47922.49.00,44.8,803993.27.00,1189858.26.00,1596513.31.00,368597.16.00,842073.08.00,1344260.57.00,202092.44.00,1096489.17.00,54605.11.00,69.3,728561.44.00,1269932.51.00,136347.42.00,662510.54.00,1183130.04.00,32950.58.00,546665.32.00,1058994.06.00
Cabo Verde,CPV,Access to electricity (% of population),EG.ELC.ACCS.ZS,,,,,,,,,,,933711.31.00,439277.53.00,58.6,1086018.18.00,583878.59.00,67,1319953.15.00,905437.32.00,519621.03.00,156120.33.00,81.1,438645.02.00,414181.06.00,443822.18.00,545688.26.00,701964.52.00,88490.04.00,1022770.11.00,328306.33.00,91.4,1245019.27.00
Costa Rica,CRI,Access to electricity (% of population),EG.ELC.ACCS.ZS,,,,,,,,,,,97.34.00,514.18.00,8584.28.00,11696.22.00,16010.59.00,983.11.00,2557.43.00,3732.18.00,4497.57.00,6929.04.00,16693.34.00,3971.28.00,8487.18.00,9490.57.00,6087.11.00,6929.04.00,99.5,99.6,99.7,100.11.00,99.9
Caribbean small states,CSS,Access to electricity (% of population),EG.ELC.ACCS.ZS,,,,63759.11.00,1099165.23.00,574623.54.00,1107423.44.00,1170475.48.00,477406.15.00,1588720.32.00,1431626.56.00,694583.33.00,322503.32.00,421088.31.00,1200702.59.00,1228873.26.00,1279099.53.00,1234832.11.00,1596205.59.00,433199.58.00,824154.19.00,165655.46.00,807626.45.00,1639390.35.00,1527727.47.00,1261591.39.00,1157072.47.00,380407.15.00,923940.43.00,50016.12.00,1092270.12.00
Cuba,CUB,Access to electricity (% of population),EG.ELC.ACCS.ZS,,,,,,,,,,,97,350514.05.00,95.5,795091.38.00,1025206.53.00,1276112.14.00,1559111.55.00,210172.23.00,556610.28.00,925351.49.00,1310025.54.00,37532.54.00,434820.54.00,828828.16.00,1214456.01.00,1591780.26.00,295534.35.00,660410.23.00,1021140.52.00,99.8,1554499.08.00
Curacao,CUW,Access to electricity (% of population),EG.ELC.ACCS.ZS,100,100,100,100,100,100,100,100,100,100,160320.06.00,153454.55.00,144781.34.00,1349942.21.00,1262077.09.00,1195002.03.00,1160008.34.00,1159754.15.00,1188211.54.00,1238972.48.00,100,100,100,100,100,100,100,100,100,100,100
Cayman Islands,CYM,Access to electricity (% of population),EG.ELC.ACCS.ZS,1411638.43.00,146568.07.00,1517165.57.00,100,100,100,100,100,100,100,100,100,100,100,100,100,100,100,100,100,100,100,100,100,100,100,100,100,100,100,100
Cyprus,CYP,Access to electricity (% of population),EG.ELC.ACCS.ZS,100,100,100,100,100,100,100,100,100,100,100,100,100,100,100,100,100,100,100,100,100,100,100,100,100,100,100,100,100,100,100
Czechia,CZE,Access to electricity (% of population),EG.ELC.ACCS.ZS,100,100,100,100,100,100,100,100,100,100,100,100,100,1661908.17.00,1638308.02.00,1590560.44.00,100,100,100,100,100,100,100,100,100,100,100,100,100,100,100
Germany,DEU,Access to electricity (% of population),EG.ELC.ACCS.ZS,100,100,100,100,100,100,100,100,100,100,100,100,100,100,100,100,100,100,100,100,100,100,100,100,100,100,100,100,100,100,100
Djibouti,DJI,Access to electricity (% of population),EG.ELC.ACCS.ZS,,,,,,,62,490880.23.00,537146.18.00,575337.47.00,1595355.02.00,198585.34.00,49.7,707326.18.00,969529.31.00,1252516.29.00,55.5,25125.17.00,629259.31.00,1030095.12.00,144735.07.00,206433.07.00,54.6,1061898.03.00,1479607.24.00,222354.08.00,1396924.51.00,60.2,680616.42.00,64.7,835317.24.00
Dominica,DMA,Access to electricity (% of population),EG.ELC.ACCS.ZS,,,,,,,,,75,1036608.32.00,90641.55.00,83649.18.00,87.7,38599.44.00,23914.09.00,30005.57.00,68192.04.00,141117.21.00,90.9,366682.24.00,506542.55.00,90.1,808389.12.00,957583.01.00,1098397.12.00,1230920.47.00,1356527.03.00,1476589.18.00,946983.09.00,153303.36.00,1662124.27.00
Denmark,DNK,Access to electricity (% of population),EG.ELC.ACCS.ZS,100,100,100,100,100,100,100,100,100,100,100,100,100,100,100,100,100,100,100,100,100,100,100,100,100,100,100,100,100,100,100
Dominican Republic,DOM,Access to electricity (% of population),EG.ELC.ACCS.ZS,,78.2,809090.17.00,425904.56.00,40456.13.00,1318265.21.00,924882.03.00,525827.35.00,119982.56.00,91,12836.52.00,13278.22.00,12585.54.00,2985.48.00,5366.07.00,2443.44.00,2059.08.00,14701.42.00,9700.17.00,1526.36.00,2521.34.00,15078.12.00,1542.05.00,6528.53.00,7947.39.00,9437.24.00,98.9,100,98.9,99,100
Algeria,DZA,Access to electricity (% of population),EG.ELC.ACCS.ZS,,,,,,,,,,,1066814.31.00,1063381.17.00,1045693.48.00,1025450.29.00,1014311.34.00,1023962.45.00,98.7,1142180.13.00,99.3,1374864.02.00,1518271.13.00,4524.03.00,1274532.07.00,313311.05.00,457684.39.00,593754.54.00,722920.33.00,883468.27.00,1063000.49.00,99.5,1198053.49.00
East Asia & Pacific (excluding high income),EAP,Access to electricity (% of population),EG.ELC.ACCS.ZS,,,,,,,,,,,31854.13.00,1149984.11.00,317962.48.00,727743.37.00,439778.18.00,1486872.56.00,9914.58.00,85745.38.00,1135778.02.00,739137.14.00,109793.03.00,99423.13.00,140631.22.00,169789.16.00,478941.02.00,1060728.11.00,1208259.24.00,761234.26.00,695938.19.00,1076766.51.00,937563.25.00
Early-demographic dividend,EAR,Access to electricity (% of population),EG.ELC.ACCS.ZS,,,,1328097.29.00,885498.23.00,478061.25.00,12413.04.00,1622620.51.00,865298.07.00,350447.21.00,94502.11.00,536422.54.00,348690.39.00,155728.55.00,245942.13.00,1337419.59.00,1377534.31.00,1190743.43.00,742536.15.00,53509.34.00,711769.52.00,337837.01.00,147930.31.00,13977.51.00,1329758.41.00,1430762.35.00,62067.26.00,884977.45.00,68513.55.00,138035.09.00,818891.18.00
East Asia & Pacific,EAS,Access to electricity (% of population),EG.ELC.ACCS.ZS,,,,,,,,,,,18358.04.00,92376.42.00,1665480.56.00,360508.38.00,159253.37.00,103059.07.00,1105815.25.00,109304.16.00,367410.11.00,1664366.31.00,928851.01.00,5562.05.00,422695.57.00,807930.42.00,108498.21.00,1606849.59.00,7226.09.00,1170876.35.00,1110500.11.00,1453626.14.00,1326287.31.00
Europe & Central Asia (excluding high income),ECA,Access to electricity (% of population),EG.ELC.ACCS.ZS,100,,,,,1656486.33.00,1536017.18.00,1508841.27.00,1517564.36.00,1095876.51.00,475230.55.00,586014.25.00,729893.55.00,777221.52.00,818516.24.00,1003968.24.00,1031195.53.00,1230638.32.00,1376895.11.00,1570365.08.00,59375.03.00,58940.25.00,1185132.17.00,1246404.09.00,1324413.45.00,21919.23.00,1094992.57.00,1523269.26.00,1569678.08.00,1475471.11.00,1572774.31.00
Europe & Central Asia,ECS,Access to electricity (% of population),EG.ELC.ACCS.ZS,100,100,100,100,100,1663222.51.00,1619255.41.00,1608898.47.00,1612240.19.00,1452357.47.00,195101.53.00,256758.24.00,331823.06.00,361305.54.00,386186.39.00,472887.55.00,495656.17.00,598696.38.00,678459.36.00,791305.37.00,1097117.34.00,1107375.07.00,137748.34.00,1415915.47.00,1461948.55.00,28239.04.00,138871.59.00,1604804.14.00,1618531.42.00,1583996.04.00,162678.14.00
Ecuador,ECU,Access to electricity (% of population),EG.ELC.ACCS.ZS,,,,,,13925.07.00,85719.14.00,71728.12.00,12202.42.00,1283.34.00,1162634.42.00,1616799.51.00,390045.04.00,16311.24.00,1273872.17.00,1482.45.00,5350.19.00,13639.38.00,3539.56.00,7943.42.00,7799.22.00,14640.59.00,3345.49.00,675.54.00,16365.47.00,13862.43.00,98.7,99.2,98.7,99.09.00,99.25.00
Egypt, Arab Rep.,EGY,Access to electricity (% of population),EG.ELC.ACCS.ZS,,,93.4,653832.23.00,1080989.28.00,95.5,257308.19.00,670872.22.00,1077633.32.00,1476320.16.00,97.7,600110.44.00,867571.52.00,98.8,1406474.09.00,99.4,99.04.00,7328.15.00,99.8,1526104.04.00,595357.05.00,726061.19.00,99.7,1459996.22.00,99.8,99.3,100,100,100,100,100
Euro area,EMU,Access to electricity (% of population),EG.ELC.ACCS.ZS,100,100,100,100,100,100,100,100,100,100,1655885.02.00,165616.57.00,1654277.54.00,1653055.57.00,1651572.09.00,1650074.33.00,165031.02.00,1653160.36.00,1654317.47.00,1658903.56.00,1659877.25.00,1660558.12.00,100,100,100,100,100,100,100,100,100
Eritrea,ERI,Access to electricity (% of population),EG.ELC.ACCS.ZS,,,,,,22.9,1259102.59.00,145793.29.00,164975.06.00,166587.13.00,432857.16.00,517239.22.00,32.2,654951.57.00,731634.43.00,829113.57.00,958674.47.00,1122974.48.00,1315980.24.00,1531301.59.00,95865.12.00,336611.44.00,580473.37.00,82143.33.00,1053243.46.00,1277142.04.00,1494116.41.00,38900.41.00,246198.42.00,450731.03.00,653883.45.00
Spain,ESP,Access to electricity (% of population),EG.ELC.ACCS.ZS,100,100,100,100,100,100,100,100,100,100,100,100,100,100,100,100,100,100,100,100,100,100,100,100,100,100,100,100,100,100,100
Estonia,EST,Access to electricity (% of population),EG.ELC.ACCS.ZS,100,100,100,100,100,100,100,100,100,100,100,100,100,1661908.17.00,1638308.02.00,1590560.44.00,100,100,100,100,100,100,100,100,100,100,100,100,100,100,100
Ethiopia,ETH,Access to electricity (% of population),EG.ELC.ACCS.ZS,,,,,,,,,,,12.7,36613.27.00,1460273.56.00,885272.19.00,319383.03.00,14,927939.56.00,449661.33.00,95.07.00,1239503.58.00,828160.48.00,23,27615.37.00,1292284.08.00,27.2,29,42.9,44.3,1407254.02.00,79412.47.00,24150.21.00
European Union,EUU,Access to electricity (% of population),EG.ELC.ACCS.ZS,100,100,100,100,100,100,100,100,100,100,793673.12.00,843512.37.00,890813.39.00,924567.37.00,954330.26.00,985391.19.00,1024028.26.00,1077909.54.00,1131683.53.00,1212558.27.00,1258516.17.00,1302825.27.00,1350766.43.00,139634.49.00,1438759.25.00,1482844.31.00,1529443.23.00,1615621.01.00,1619828.02.00,1645845.21.00,1658678.24.00
Fragile and conflict affected situations,FCS,Access to electricity (% of population),EG.ELC.ACCS.ZS,,,,,,,,,,,99756.13.00,173165.08.00,1076715.14.00,665021.35.00,1198377.27.00,1391936.11.00,454227.32.00,32482.32.00,1290201.29.00,1312327.59.00,133708.15.00,1555624.36.00,1643317.37.00,1032259.53.00,43935.17.00,140666.27.00,313013.03.00,929690.41.00,977793.47.00,833980.11.00,577793.52.00
Finland,FIN,Access to electricity (% of population),EG.ELC.ACCS.ZS,100,100,100,100,100,100,100,100,100,100,100,100,100,100,100,100,100,100,100,100,100,100,100,100,100,100,100,100,100,100,100
Fiji,FJI,Access to electricity (% of population),EG.ELC.ACCS.ZS,,,,,,,66.9,1285929.09.00,149380.15.00,671435.17.00,1300162.59.00,1235708.18.00,80.03.00,80,1003599.42.00,952242.09.00,932978.56.00,88.9,86.16.00,1059095.49.00,670525.03.00,834913.04.00,1026372.43.00,92.15.00,1589727.13.00,295248.51.00,693325.13.00,96,10200.08.00,156841.55.00,211164.12.00
France,FRA,Access to electricity (% of population),EG.ELC.ACCS.ZS,100,100,100,100,100,100,100,100,100,100,100,100,100,100,100,100,100,100,100,100,100,100,100,100,100,100,100,100,100,100,100
Faroe Islands,FRO,Access to electricity (% of population),EG.ELC.ACCS.ZS,100,100,100,100,100,100,100,100,100,100,100,100,100,100,100,100,100,100,100,100,100,100,100,100,100,100,100,100,100,100,100
Micronesia, Fed. Sts.,FSM,Access to electricity (% of population),EG.ELC.ACCS.ZS,,,,,,,,,,,46,741574.17.00,226407.47.00,1375344.44.00,866726.47.00,378892.35.00,1589824.44.00,116933.58.00,776516.12.00,406530.43.00,885931.05.00,455807.53.00,1378927.28.00,689486.31.00,33592.01.00,1640544.25.00,1272211.58.00,898360.55.00,520351.51.00,139583.29.00,1424094.46.00
Gabon,GAB,Access to electricity (% of population),EG.ELC.ACCS.ZS,,,,,,,,,,,73.6,277456.21.00,1383947.27.00,821217.01.00,267578.17.00,81.6,900666.27.00,434651.19.00,1664013.48.00,1249013.53.00,550130.12.00,1211877.27.00,89.3,86.4,125399.48.00,54709.39.00,13377.08.00,86.27.00,957768.45.00,53280.52.00,104829.52.00
United Kingdom,GBR,Access to electricity (% of population),EG.ELC.ACCS.ZS,100,100,100,100,100,100,100,100,100,100,100,100,100,100,100,100,100,100,100,100,100,100,100,100,100,100,100,100,100,100,100
Georgia,GEO,Access to electricity (% of population),EG.ELC.ACCS.ZS,,,,,,,,,,,139270.36.00,1433.16.00,99.9,100,100.33.00,1558520.32.00,100,100,100,100,100,100,100,100,100,100,100,100,99.9,100,100
Ghana,GHA,Access to electricity (% of population),EG.ELC.ACCS.ZS,,,,30.6,615706.15.00,75107.09.00,881318.05.00,1006194.12.00,42.6,1234272.35.00,43.7,1395472.59.00,1384978.12.00,48.3,13729.15.00,41.25.00,155805.08.00,1517421.46.00,60.5,97812.37.00,64.2,168.16.00,56.51.00,70.7,78.3,519.03.00,79.3,79,80.4,83.5,734363.22.00
Gibraltar,GIB,Access to electricity (% of population),EG.ELC.ACCS.ZS,100,100,100,100,100,100,100,100,100,100,1565510.53.00,1497647.25.00,1411702.18.00,1316055.07.00,1229525.04.00,1163785.07.00,1130139.29.00,1131220.19.00,1161013.06.00,100,100,1358665.17.00,1439307.59.00,1512804.29.00,1579498.07.00,100,100,100,100,100,100
Guinea,GIN,Access to electricity (% of population),EG.ELC.ACCS.ZS,,,,,,,,,,16.4,259670.19.00,701723.12.00,1129532.58.00,155493.37.00,322463.39.00,20.2,1264845.17.00,120145.38.00,670823.37.00,1243811.13.00,166046.48.00,764459.22.00,26.2,297572.02.00,887433.19.00,1469003.59.00,33.5,35.4,45,42.2,1242414.36.00
Gambia, The,GMB,Access to electricity (% of population),EG.ELC.ACCS.ZS,,,,17.7,416767.19.00,1535758.54.00,983551.41.00,425676.27.00,1527670.23.00,954927.23.00,34.3,1536538.12.00,904324.04.00,27.8,1310535.06.00,76074.35.00,132865.46.00,1261476.44.00,752127.38.00,265094.31.00,1326390.48.00,530030.15.00,1427394.17.00,51.5,69238.54.00,1147343.17.00,584671.04.00,56.2,60.3,62.1,390063.56.00
Guinea-Bissau,GNB,Access to electricity (% of population),EG.ELC.ACCS.ZS,,,,,,,,,,,,,4659729.13.00,9764224.18.00,1495986.36.00,3696685.04.00,89380.31.00,15492859.32.00,518510.36.00,4.7,6,867772.23.00,1554511.05.00,571301.53.00,17.2,179965.38.00,1524251.03.00,26,63894.56.00,1553355.39.00,624155.37.00
Equatorial Guinea,GNQ,Access to electricity (% of population),EG.ELC.ACCS.ZS,,,,,,,,,,,1376050.44.00,1437174.54.00,1484070.15.00,1528384.19.00,1581828.13.00,1656049.31.00,95699.28.00,236741.32.00,406495.34.00,598565.34.00,195187.46.00,66.1,1244648.08.00,1461971.26.00,4249.27.00,204902.32.00,398625.34.00,586830.01.00,770876.27.00,952150.52.00,1132051.59.00
Greece,GRC,Access to electricity (% of population),EG.ELC.ACCS.ZS,100,100,100,100,100,100,100,100,100,100,100,100,100,100,100,100,100,100,100,100,100,100,100,100,100,100,100,100,100,100,100
Grenada,GRD,Access to electricity (% of population),EG.ELC.ACCS.ZS,,,,,,,,,85.04.00,882526.12.00,1605754.39.00,461766.06.00,97097.34.00,1476081.23.00,324387.08.00,860161.22.00,1428017.12.00,363946.32.00,90,1648863.44.00,651728.18.00,88.8,346261.04.00,1025137.18.00,28955.33.00,69196.47.00,1346424.49.00,329503.49.00,92.3,161874.35.00,592706.13.00
Greenland,GRL,Access to electricity (% of population),EG.ELC.ACCS.ZS,100,100,100,100,100,100,100,100,100,100,100,100,100,100,100,100,100,100,100,100,100,100,100,100,100,100,100,100,100,100,100
Guatemala,GTM,Access to electricity (% of population),EG.ELC.ACCS.ZS,,,,,,60.8,1133299.07.00,1506860.42.00,206953.45.00,70.9,5376.25.00,1222098.33.00,11208.38.00,8614.44.00,252012.19.00,510204.45.00,12266.18.00,1125530.08.00,1479255.18.00,188643.29.00,580591.55.00,524.14.00,138742.37.00,121293.39.00,8324.31.00,898832.41.00,1276539.34.00,93.3,350079.46.00,715338.01.00,1079210.17.00
Guam,GUM,Access to electricity (% of population),EG.ELC.ACCS.ZS,1407277.15.00,1459792.55.00,1511545.38.00,1562192.06.00,1608566.06.00,100,100,100,100,100,100,100,100,100,100,100,100,100,100,100,100,100,100,100,100,100,100,100,100,100,100
Guyana,GUY,Access to electricity (% of population),EG.ELC.ACCS.ZS,,,,6349.11.00,1190039.23.00,586707.52.00,1645515.14.00,1031998.28.00,411666.07.00,1449937.42.00,976496.38.00,227494.32.00,1130929.17.00,365129.49.00,1275100.25.00,77.5,637719.26.00,83368.06.00,192619.29.00,77.6,53286.35.00,326011.44.00,146963.34.00,22033.13.00,86.9,1637672.57.00,1665254.13.00,1649309.47.00,1479607.37.00,1077564.58.00,498316.54.00
High income,HIC,Access to electricity (% of population),EG.ELC.ACCS.ZS,1363336.42.00,1432480.42.00,141280.17.00,1398956.41.00,1405213.05.00,1414999.33.00,1409984.47.00,1432804.15.00,146092.55.00,145182.03.00,1272418.34.00,127672.09.00,1292903.57.00,1362768.09.00,1317015.57.00,1325167.22.00,1386471.02.00,1378338.02.00,140287.14.00,1460580.33.00,1476923.21.00,1493087.14.00,1526844.15.00,1526718.49.00,1556890.27.00,1564519.58.00,1581421.31.00,1610373.03.00,1610228.29.00,1621162.41.00,1630305.46.00
Hong Kong SAR, China,HKG,Access to electricity (% of population),EG.ELC.ACCS.ZS,100,100,100,100,100,100,100,100,100,100,100,100,100,100,100,100,100,100,100,100,100,100,100,100,100,100,100,100,100,100,100
Honduras,HND,Access to electricity (% of population),EG.ELC.ACCS.ZS,,13086.17.00,15276.32.00,1730.16.00,12296.27.00,2099.42.00,1196.12.00,13309.54.00,14391.19.00,6635.23.00,705150.13.00,64.2,2415.17.00,1572.44.00,1959.08.00,15123.09.00,4511.48.00,9209.27.00,6690.59.00,4572.45.00,16491.08.00,3336.58.00,10211.47.00,3168.21.00,10984.13.00,1725.11.00,91.6,86.5,91.6,91.1,146259.29.00
Heavily indebted poor countries (HIPC),HPC,Access to electricity (% of population),EG.ELC.ACCS.ZS,,,,,,,,,,1433363.12.00,1444412.33.00,1211658.56.00,700491.52.00,1502743.08.00,1578386.58.00,1134631.45.00,525975.12.00,1472502.24.00,1417186.15.00,110469.04.00,1165475.12.00,332888.52.00,1549674.59.00,1512522.44.00,666775.03.00,806576.16.00,1050381.17.00,856148.27.00,46023.05.00,91072.18.00,619461.12.00
Croatia,HRV,Access to electricity (% of population),EG.ELC.ACCS.ZS,100,100,100,100,100,100,100,100,100,100,100,1666346.03.00,1657915.34.00,1622972.57.00,1555605.23.00,1464993.37.00,1409960.15.00,139054.26.00,100,100,100,100,100,100,100,100,100,100,100,100,100
Haiti,HTI,Access to electricity (% of population),EG.ELC.ACCS.ZS,,,,,,31.3,21726.05.00,928425.35.00,161656.33.00,1053485.05.00,33.7,9070.42.00,201175.38.00,31.6,83703.02.00,883651.24.00,33.9,915791.14.00,144600.19.00,1062384.41.00,329423.24.00,1272639.05.00,37.9,1495348.28.00,919991.24.00,1329226.45.00,40.4,489277.55.00,727112.35.00,732600.23.00,560901.52.00
Hungary,HUN,Access to electricity (% of population),EG.ELC.ACCS.ZS,100,100,100,100,100,100,100,100,100,100,100,100,1664476.51.00,1649434.14.00,1608273.39.00,1546691.43.00,1473945.26.00,100,100,100,100,100,1608998.26.00,1644754.52.00,100,100,100,100,100,100,100
IBRD only,IBD,Access to electricity (% of population),EG.ELC.ACCS.ZS,,,,,,,,,,,873560.47.00,36819.51.00,951260.16.00,912430.27.00,113396.17.00,1227466.53.00,248225.44.00,524718.56.00,261932.27.00,1097305.45.00,734062.15.00,847765.48.00,1304964.57.00,1315082.53.00,724283.52.00,302985.07.00,1393014.38.00,1016778.55.00,1255892.54.00,1456693.23.00,98979.57.00
IDA & IBRD total,IBT,Access to electricity (% of population),EG.ELC.ACCS.ZS,,,,,,,,,,,156485.52.00,1173202.57.00,328085.01.00,423556.18.00,408996.21.00,316132.54.00,1602088.07.00,1213503.21.00,938801.08.00,9062.41.00,1250068.32.00,38076.11.00,914185.33.00,760753.08.00,72639.53.00,150020.09.00,473444.48.00,441346.42.00,498645.53.00,1093355.06.00,1662940.03.00
IDA total,IDA,Access to electricity (% of population),EG.ELC.ACCS.ZS,,,,,,,,,1651079.33.00,565779.08.00,678065.13.00,31185.12.00,1202287.41.00,902036.41.00,838811.12.00,862996.25.00,1587978.33.00,293623.32.00,726851.12.00,55817.04.00,36978.56.00,952851.45.00,414361.55.00,316280.22.00,1542719.14.00,734007.09.00,532314.51.00,408400.23.00,551765.52.00,1231499.14.00,1521087.45.00
IDA blend,IDB,Access to electricity (% of population),EG.ELC.ACCS.ZS,,,,,,,,,886381.23.00,1246810.41.00,91165.05.00,232219.48.00,1413737.31.00,940155.57.00,949151.05.00,637561.02.00,445704.58.00,1167952.31.00,778098.57.00,613724.26.00,384298.44.00,1084090.17.00,538452.11.00,95701.04.00,1256115.22.00,75829.24.00,1528673.08.00,1455996.36.00,629984.17.00,156115.38.00,1019395.39.00
Indonesia,IDN,Access to electricity (% of population),EG.ELC.ACCS.ZS,,48.9,1161005.32.00,55.43.00,62.8,67.26.00,72.39.00,80.3,81.34.00,84.13.00,86.3,86.26.00,87.6,88.34.00,89.01.00,1295784.04.00,91.02.00,91.1,93.13.00,93.55.00,94.15.00,95.23.00,96,773859.51.00,97.01.00,895709.24.00,98.02.00,98.14.00,98.51.00,99.25.00,97.35.00
IDA only,IDX,Access to electricity (% of population),EG.ELC.ACCS.ZS,,,,,,,,,,943909.38.00,722127.47.00,29123.21.00,1647084.09.00,609925.41.00,1356195.52.00,155034.12.00,256200.55.00,1475597.08.00,632726.08.00,1269371.21.00,106782.27.00,1554611.26.00,1041385.37.00,690592.33.00,1572679.53.00,151484.36.00,1666161.36.00,723725.12.00,547328.22.00,163160.54.00,1018404.18.00
Isle of Man,IMN,Access to electricity (% of population),EG.ELC.ACCS.ZS,100,100,100,100,100,100,100,100,100,100,100,100,100,100,100,100,100,100,100,100,100,100,100,100,100,100,100,100,100,100,100
India,IND,Access to electricity (% of population),EG.ELC.ACCS.ZS,,,,50.9,1352232.01.00,681343.13.00,5921.17.00,991493.49.00,303610.32.00,60.1,488125.05.00,9128.16.00,62.3,686748.39.00,64.4,140143.41.00,67.9,56857.35.00,197560.53.00,75,76.3,861386.47.00,79.9,219072.03.00,223270.13.00,88,977261.51.00,1323689.14.00,95.7,1476662.35.00,96.5
Not classified,INX,Access to electricity (% of population),EG.ELC.ACCS.ZS,,,,,,,,,,,,,,,,,,,,,,,,,,,,,,,
Ireland,IRL,Access to electricity (% of population),EG.ELC.ACCS.ZS,100,100,100,100,100,100,100,100,100,100,100,100,100,100,100,100,100,100,100,100,100,100,100,100,100,100,100,100,100,100,100
Iran, Islamic Rep.,IRN,Access to electricity (% of population),EG.ELC.ACCS.ZS,,,,,,,,,,,97.9,108231.57.00,240627.23.00,370454.15.00,509398.14.00,669132.19.00,98.4,1087502.53.00,1342769.43.00,100.11.00,710866.07.00,782989.19.00,882171.27.00,100.23.00,100,100.36.00,100.35.00,100.34.00,100,100,100
Iraq,IRQ,Access to electricity (% of population),EG.ELC.ACCS.ZS,,,,,,,,,,,1348146.26.00,1558425.16.00,8865.43.00,281240.11.00,48468.38.00,707176.34.00,1036949.36.00,98.1,1571701.25.00,246247.42.00,603366.56.00,98,99.3,39542.58.00,397615.53.00,747398.12.00,1090263.11.00,1474059.53.00,99.9,1651812.03.00,100
Iceland,ISL,Access to electricity (% of population),EG.ELC.ACCS.ZS,100,100,100,100,100,100,100,100,100,100,100,100,100,100,100,100,100,100,100,100,100,100,100,100,100,100,100,100,100,100,100
Israel,ISR,Access to electricity (% of population),EG.ELC.ACCS.ZS,100,100,100,100,100,100,100,100,100,100,100,100,100,100,100,100,100,100,100,100,100,100,100,100,100,100,100,100,100,100,100
Italy,ITA,Access to electricity (% of population),EG.ELC.ACCS.ZS,100,100,100,100,100,100,100,100,100,100,100,100,100,100,100,100,100,100,100,100,100,100,100,100,100,100,100,100,100,100,100
Jamaica,JAM,Access to electricity (% of population),EG.ELC.ACCS.ZS,5646.26.00,381521.18.00,54946.04.00,1393904.48.00,1063934.29.00,730569.06.00,11852.25.00,49088.09.00,1365374.52.00,9319.12.00,722511.22.00,11888.52.00,11440.51.00,897099.21.00,402384.58.00,1595139.05.00,1153309.08.00,746218.21.00,92,11763.58.00,92.2,91.1,93.1,93.9,93.3,94.9,97570.25.00,614899.03.00,250799.54.00,1550607.08.00,1182362.42.00
Jordan,JOR,Access to electricity (% of population),EG.ELC.ACCS.ZS,96.8,1424568.32.00,1624865.35.00,157365.15.00,354267.13.00,547761.22.00,736728.45.00,98.9,1096518.17.00,1264949.53.00,1262.29.00,26204.15.00,99.5,24093.27.00,289160.22.00,5930.24.00,100,98.8,100,99.4,100,1000681.23.00,99.5,1157694.19.00,1319971.32.00,1488034.23.00,15962.48.00,100,99.9,99.9,99.9
Japan,JPN,Access to electricity (% of population),EG.ELC.ACCS.ZS,100,100,100,100,100,100,100,100,100,100,100,100,100,100,100,100,100,100,100,100,100,100,100,100,100,100,100,100,100,100,100
Kazakhstan,KAZ,Access to electricity (% of population),EG.ELC.ACCS.ZS,,,,,,99.9,320291.58.00,449216.01.00,571349.55.00,97,973215.33.00,100.05.00,100.21.00,100.32.00,100.36.00,100,1277678.25.00,100,100,100,100,1329212.55.00,100,100,100,100,100,100,100,100,100
Kenya,KEN,Access to electricity (% of population),EG.ELC.ACCS.ZS,,,,10.9,7890616.52.00,7122394.29.00,6308848.42.00,5438638.47.00,14.5,348166.07.00,292839.07.00,80243.16.00,1520066.47.00,16,1070365.39.00,870858.59.00,703446.38.00,570763.56.00,4697.36.00,23,19.2,263142.02.00,210024.22.00,153626.04.00,36,41.6,53.1,138720.31.00,301085.07.00,69.7,821260.53.00
Kyrgyz Republic,KGZ,Access to electricity (% of population),EG.ELC.ACCS.ZS,,,,,,,,99.8,923141.18.00,942736.08.00,971460.48.00,883010.41.00,100,675033.23.00,578890.18.00,737278.29.00,99.29.00,99.54.00,99.51.00,99.5,99,98.32.00,99.8,99.33.00,99.8,99.09.00,100.11.00,100,100,1474555.47.00,1441965.33.00
Cambodia,KHM,Access to electricity (% of population),EG.ELC.ACCS.ZS,,,,,,,,,19.07,13667289.28.00,16.6,880965.39.00,1831.48.00,19.3,14.2,20.5,809674.15.00,20.2,26.4,25.6,31.1,37.4,42.3,50.9,56.1,120169.39.00,127101.14.00,89.07.00,1168127.35.00,84,86.4
Kiribati,KIR,Access to electricity (% of population),EG.ELC.ACCS.ZS,,,,,,,,,,,949698.27.00,479278.21.00,1661282.22.00,1174058.31.00,695939.05.00,1127411.26.00,68.8,1089544.32.00,727747.56.00,64.19.00,279624.11.00,141797.38.00,1106363.38.00,1390369.51.00,642999.22.00,930392.21.00,949608.18.00,1124123.42.00,776619.29.00,426343.16.00,74693.46.00
St. Kitts and Nevis,KNA,Access to electricity (% of population),EG.ELC.ACCS.ZS,51227.01.00,111953.11.00,59143.31.00,665095.28.00,1268771.18.00,202399.07.00,798153.06.00,1388235.54.00,304862.53.00,880081.05.00,642731.37.00,93.53.00,138072.36.00,167.59.00,440070.28.00,828851.42.00,1249727.15.00,38663.35.00,522977.33.00,1029594.47.00,1376861.23.00,100,100,100,100,100,100,100,100,100,100
Korea, Rep.,KOR,Access to electricity (% of population),EG.ELC.ACCS.ZS,1471504.02.00,1521222.15.00,1570457.17.00,1615826.45.00,1648633.08.00,100,100,100,100,100,100,100,100,100,100,100,100,100,100,100,100,100,100,100,100,100,100,100,100,100,100
Kuwait,KWT,Access to electricity (% of population),EG.ELC.ACCS.ZS,100,100,100,100,100,100,100,100,100,100,100,100,100,100,100,100,100,100,100,100,100,100,100,100,100,100,100,100,100,100,100
Latin America & Caribbean (excluding high income),LAC,Access to electricity (% of population),EG.ELC.ACCS.ZS,,,1432995.15.00,874018.12.00,873306.22.00,1197555.52.00,1364747.21.00,468831.18.00,1580401.34.00,1023921.11.00,207771.47.00,1260046.43.00,124016.04.00,495537.21.00,1206230.41.00,163409.33.00,1357630.36.00,209721.37.00,1568144.37.00,139428.52.00,1002951.27.00,1599833.17.00,5679.41.00,1096084.59.00,1310722.08.00,119739.09.00,503490.12.00,952923.43.00,966471.54.00,1424392.19.00,1867.46.00
Lao PDR,LAO,Access to electricity (% of population),EG.ELC.ACCS.ZS,,,,31,10121.33.00,25,412863.54.00,106527.38.00,1460054.09.00,1138846.56.00,972548.12.00,530796.33.00,46.3,48,833456.16.00,57.2,6900.07.00,55.36.00,66,669114.02.00,37484.33.00,70,611122.15.00,478810.47.00,836301.47.00,89.7,19353.13.00,93.6,92.9,66322.25.00,519037.42.00
Lebanon,LBN,Access to electricity (% of population),EG.ELC.ACCS.ZS,,,,,,,,,,,505304.47.00,470591.03.00,421623.03.00,370099.12.00,99.9,306050.26.00,639794.09.00,97.8,99.9,531829.39.00,832605.49.00,1140117.15.00,89125.08.00,1011845.43.00,1124926.04.00,1229728.31.00,1327600.56.00,1419954.45.00,99.7,1584241.03.00,1638549.37.00
Liberia,LBR,Access to electricity (% of population),EG.ELC.ACCS.ZS,,,,,,,,,,,,,,,,,,3,471183.16.00,1.9,4259956.55.00,4.1,4188641.58.00,9.8,9.4,37807.41.00,17.7,24.2,1283581.48.00,23.1,93318.36.00
Libya,LBY,Access to electricity (% of population),EG.ELC.ACCS.ZS,,,,,,,,,,,99.8,1575133.38.00,38781.07.00,862875.48.00,134871.53.00,187061.02.00,724969.29.00,1297604.25.00,2407.08.00,855961.12.00,149626.02.00,477959.51.00,1130169.21.00,11311.17.00,752956.22.00,1385202.18.00,343852.31.00,963649.49.00,67,788222.36.00,613841.04.00
St. Lucia,LCA,Access to electricity (% of population),EG.ELC.ACCS.ZS,,,,,,,,,,,66983.04.00,89.9,109128.51.00,759238.11.00,437075.17.00,135715.12.00,1533115.06.00,1298575.48.00,1092735.44.00,909224.22.00,94.2,583514.48.00,572465.58.00,270279.18.00,103641.36.00,1595366.15.00,1413495.12.00,1494824.33.00,165182.34.00,100,100
Latin America & Caribbean,LCN,Access to electricity (% of population),EG.ELC.ACCS.ZS,,,1190625.56.00,530463.51.00,371894.47.00,999264.24.00,929937.02.00,2734.04.00,1061568.47.00,412737.09.00,1222906.15.00,565401.42.00,1050495.24.00,1191321.31.00,331294.08.00,87386.02.00,426561.11.00,812351.07.00,390295.15.00,678145.09.00,147305.09.00,332701.59.00,972943.43.00,1443605.11.00,59966.58.00,483411.56.00,801300.53.00,1189334.16.00,1266617.37.00,8155.15.00,263246.54.00
Least developed countries: UN classification,LDC,Access to electricity (% of population),EG.ELC.ACCS.ZS,,,,,,,,,,,316527.59.00,1581736.42.00,1543964.51.00,780734.22.00,146812.15.00,431542.54.00,18127.01.00,560887.29.00,1176449.45.00,153147.23.00,1591785.17.00,771479.56.00,1391124.55.00,318061.39.00,831809.37.00,539143.27.00,620800.39.00,406658.36.00,359860.26.00,165057.24.00,996424.31.00
Low income,LIC,Access to electricity (% of population),EG.ELC.ACCS.ZS,,,,,,,,,,,1348672.21.00,909625.41.00,382682.12.00,1622793.21.00,1300230.08.00,873251.44.00,75156.42.00,947250.29.00,188543.08.00,1109220.57.00,289493.57.00,1248267.54.00,1397522.16.00,1458991.12.00,471782.55.00,347951.33.00,735830.21.00,12532.16.00,825555.36.00,1402447.15.00,372125.46.00
Liechtenstein,LIE,Access to electricity (% of population),EG.ELC.ACCS.ZS,100,100,100,100,100,100,100,100,100,100,100,100,100,100,100,100,100,100,100,100,100,100,100,100,100,100,100,100,100,100,100
Sri Lanka,LKA,Access to electricity (% of population),EG.ELC.ACCS.ZS,,,,,,,,,,,57136.36.00,63.6,80.7,1620099.38.00,861421.56.00,123547.02.00,82.05.00,80,1437676.06.00,87.09.00,85.3,88.16.00,87,90.2,1162799.01.00,551343.11.00,97.5,97.5,976063.52.00,1269019.54.00,1623596.01.00
Lower middle income,LMC,Access to electricity (% of population),EG.ELC.ACCS.ZS,,,,142227.16.00,1588078.05.00,158690.39.00,1085538.31.00,34642.32.00,1215227.07.00,251331.16.00,1349032.03.00,1490739.18.00,1275247.54.00,1627855.26.00,1304363.06.00,598854.54.00,1631964.35.00,1421121.03.00,994077.46.00,501511.27.00,549580.35.00,123001.12.00,959510.06.00,76081.05.00,947146.25.00,1326390.07.00,121277.21.00,953811.43.00,1183625.34.00,598165.03.00,148275.09.00
Low & middle income,LMY,Access to electricity (% of population),EG.ELC.ACCS.ZS,,,,,,,,,,,1042763.27.00,411842.55.00,1254190.51.00,141436.11.00,1388129.36.00,1333084.58.00,966462.07.00,615948.29.00,370257.54.00,809796.56.00,348752.08.00,85585.15.00,90199.43.00,1646174.46.00,982306.59.00,781342.29.00,1473997.34.00,1481061.08.00,1576433.24.00,532962.52.00,1127805.58.00
Lesotho,LSO,Access to electricity (% of population),EG.ELC.ACCS.ZS,,,,,,,,,,,4312672.28.00,4935736.28.00,6201071.34.00,7440738.55.00,6.8,10310213.49.00,9.7,1437684.59.00,20421.27.00,17,17,876903.17.00,20.56,1474136.17.00,27.8,1291379.08.00,12121.14.00,33.7,47,939038.05.00,828402.09.00
Late-demographic dividend,LTE,Access to electricity (% of population),EG.ELC.ACCS.ZS,,,,,,,,,,,465378.31.00,1505092.54.00,424104.34.00,80437.42.00,1193383.41.00,31955.23.00,1579.32.00,1042313.29.00,1662180.46.00,1176651.53.00,607123.46.00,1057155.44.00,1259891.36.00,1502398.58.00,14596.56.00,1313189.54.00,207888.02.00,464669.27.00,48012.57.00,558030.12.00,65575.59.00
Lithuania,LTU,Access to electricity (% of population),EG.ELC.ACCS.ZS,100,100,100,100,100,100,100,100,100,100,793759.29.00,760469.53.00,712938.46.00,662839.04.00,62274.45.00,60254.14.00,613553.11.00,66107.15.00,735509.03.00,833152.35.00,1198053.49.00,1202707.45.00,100,100,100,100,100,100,100,100,100
Luxembourg,LUX,Access to electricity (% of population),EG.ELC.ACCS.ZS,100,100,100,100,100,100,100,100,100,100,100,100,100,100,100,100,100,100,100,100,100,100,100,100,100,100,100,100,100,100,100
Latvia,LVA,Access to electricity (% of population),EG.ELC.ACCS.ZS,100,100,100,100,100,100,100,100,100,100,1480455.51.00,1427813.02.00,134127.07.00,1250366.02.00,1169481.44.00,1109374.49.00,1081362.13.00,1088076.05.00,1123514.38.00,100,1254905.31.00,1338065.55.00,100,100,100,100,100,100,100,100,100
Macao SAR, China,MAC,Access to electricity (% of population),EG.ELC.ACCS.ZS,1415567.51.00,1467740.12.00,1519149.36.00,1569465.27.00,100,100,100,100,100,100,100,100,100,100,100,100,100,100,100,100,100,100,100,100,100,100,100,100,100,100,100
St. Martin (French part),MAF,Access to electricity (% of population),EG.ELC.ACCS.ZS,100,100,100,100,100,100,100,100,100,100,160320.06.00,153454.55.00,144781.34.00,1349942.21.00,1262077.09.00,1195002.03.00,1160008.34.00,1159754.15.00,1188211.54.00,1238972.48.00,100,100,100,100,100,100,100,100,100,100,100
Morocco,MAR,Access to electricity (% of population),EG.ELC.ACCS.ZS,,,49.2,1287808.47.00,1014888.16.00,56.5,457717.35.00,171204.02.00,1544546.55.00,1243162.24.00,1353777.54.00,967351.04.00,566669.59.00,16409.32.00,78.2,1062611.04.00,96.5,414841.19.00,137018.55.00,1548190.53.00,1209633.47.00,124734.53.00,733573.16.00,97.2,465019.35.00,97.3,97.8,100,98.1,99.6,100
Monaco,MCO,Access to electricity (% of population),EG.ELC.ACCS.ZS,100,100,100,100,100,100,100,100,100,100,100,100,100,100,100,100,100,100,100,100,100,100,100,100,100,100,100,100,100,100,100
Moldova,MDA,Access to electricity (% of population),EG.ELC.ACCS.ZS,100,100,100,100,100,100,100,100,100,100,122052.36.00,126304.43.00,99,1316130.25.00,99.1,98.6,15039.32.00,1616690.24.00,101163.03.00,274604.37.00,463978.54.00,662851.47.00,86573.06.00,1063547.35.00,1253875.33.00,1435900.11.00,1562344.41.00,100.38.00,100.39.00,100,100
Madagascar,MDG,Access to electricity (% of population),EG.ELC.ACCS.ZS,,,9.2,176048.45.00,936090.37.00,26068.34.00,778179.03.00,10.9,597603.24.00,1329179.41.00,946354.09.00,14.8,1585466.21.00,20.3,547646.35.00,54082.59.00,1259276.11.00,832536.32.00,43466.46.00,17.4,12.3,14.3,18.7,12.9,1625531.16.00,1258389.54.00,22.9,24.1,36.5,31.04.00,32
Maldives,MDV,Access to electricity (% of population),EG.ELC.ACCS.ZS,,,,,,,,,,,83.8,762873.52.00,503004.58.00,240554.48.00,1653887.25.00,1421344.29.00,1220883.08.00,1055173.41.00,918150.46.00,99.9,1660076.14.00,159095.35.00,351852.14.00,598726.44.00,100,1291310.27.00,100,99.8,100,100,100
Middle East & North Africa,MEA,Access to electricity (% of population),EG.ELC.ACCS.ZS,,,,,,,,,,,709368.21.00,1040762.59.00,899100.59.00,600529.42.00,411424.26.00,154314.54.00,1396773.44.00,254351.36.00,1289087.42.00,1506561.43.00,1522644.09.00,1536662.12.00,722262.36.00,129141.45.00,86633.32.00,840820.55.00,1309476.51.00,1053318.33.00,249151.08.00,216253.37.00,383294.53.00
Mexico,MEX,Access to electricity (% of population),EG.ELC.ACCS.ZS,,,2526.01.00,747534.04.00,4066.34.00,1490865.59.00,1656.24.00,549399.41.00,1641.55.00,1247260.25.00,216.52.00,232704.31.00,15048.25.00,599080.46.00,10059.41.00,15643.28.00,289.16.00,1524437.19.00,15331.57.00,494762.31.00,4043.56.00,886.06.00,1959.37.00,241849.05.00,2981.08.00,99,99.5,100,99.5,99.6,99.4
Marshall Islands,MHL,Access to electricity (% of population),EG.ELC.ACCS.ZS,,,,,,,,,,873794.28.00,1041378.38.00,84056.55.00,779146.37.00,1471680.29.00,506653.05.00,1229081.27.00,316938.28.00,72.3,257483.03.00,1097760.08.00,659561.09.00,1532766.59.00,606003.48.00,1480205.15.00,759953.16.00,94111.34.00,1120824.38.00,1271671.28.00,437259.18.00,1266740.48.00,42906.32.00
Middle income,MIC,Access to electricity (% of population),EG.ELC.ACCS.ZS,,,,,,,,,,,1633856.43.00,1089474.02.00,399959.01.00,615930.56.00,609607.36.00,853113.28.00,391971.27.00,301198.37.00,397144.53.00,1225609.09.00,782444.51.00,1551094.29.00,494840.39.00,479792.53.00,1455114.28.00,1538038.58.00,26062.17.00,54820.57.00,226480.11.00,824964.56.00,1385757.09.00
North Macedonia,MKD,Access to electricity (% of population),EG.ELC.ACCS.ZS,100,100,100,100,100,100,100,100,100,100,482.15.00,54038.49.00,5631.35.00,54229.33.00,99.42.00,90850.39.00,99,247189.39.00,99.2,99.2,829223.27.00,121126.18.00,1027524.08.00,1199338.06.00,1362759.44.00,1505556.34.00,1610295.26.00,165818.21.00,99.8,100,100
Mali,MLI,Access to electricity (% of population),EG.ELC.ACCS.ZS,,,,,,,6.2,480905.24.00,1114398.17.00,14005739.32.00,10420617.31.00,10.8,5999.51.00,1225765.14.00,734094.05.00,263213.02.00,16.6,1087031.42.00,711683.23.00,51517.03.00,21522.49.00,1360574.45.00,25.6,70859.29.00,372138.39.00,37.6,1328252.01.00,35.18.00,50.9,1424696.33.00,1073493.06.00
Malta,MLT,Access to electricity (% of population),EG.ELC.ACCS.ZS,100,100,100,100,100,100,100,100,100,100,100,1663535.53.00,100,100,100,100,100,100,100,100,100,100,100,100,100,100,100,100,100,100,100
Myanmar,MMR,Access to electricity (% of population),EG.ELC.ACCS.ZS,,,,,,,,,,,1455354.22.00,1586841.37.00,47,15250.23.00,275886.46.00,420471.09.00,597137.08.00,808542.18.00,1048653.03.00,1311073.26.00,48.8,21107.57.00,501560.32.00,789240.34.00,52,60.5,55.6,135875.06.00,168294.09.00,519235.35.00,692971.37.00
Middle East & North Africa (excluding high income),MNA,Access to electricity (% of population),EG.ELC.ACCS.ZS,,,,,,,,,,,724614.24.00,1087868.58.00,915151.39.00,788335.52.00,566382.19.00,163220.34.00,42474.08.00,500283.49.00,163789.12.00,178139.04.00,437797.03.00,443118.04.00,1152350.26.00,998347.35.00,1579095.05.00,1546568.41.00,435412.56.00,399785.29.00,857461.09.00,1082373.54.00,1287314.49.00
Montenegro,MNE,Access to electricity (% of population),EG.ELC.ACCS.ZS,100,100,100,100,100,100,100,100,100,100,154861.16.00,11722.23.00,63550.08.00,8198.52.00,1628630.25.00,1383800.11.00,161071.52.00,1651213.25.00,54636.27.00,147028.25.00,255340.24.00,99,494102.18.00,99.7,97.7,82290.28.00,999689.33.00,100,100,1603899.27.00,1421951.07.00
Mongolia,MNG,Access to electricity (% of population),EG.ELC.ACCS.ZS,,,,,,,,,,,67.3,1200378.13.00,1262800.22.00,76.3,1391611.59.00,86.2,1603215.14.00,93118.28.00,278412.02.00,486008.51.00,836878.44.00,95196.51.00,1178671.52.00,81.2,1636005.12.00,161458.52.00,1346004.12.00,1034689.46.00,98.1,1538857.52.00,837043.35.00
Northern Mariana Islands,MNP,Access to electricity (% of population),EG.ELC.ACCS.ZS,1422205.25.00,1474059.53.00,1525151.23.00,157586.14.00,1619501.34.00,100,100,100,100,100,100,100,1551154.54.00,1454083.35.00,1360013.09.00,1286720.06.00,1245521.22.00,100,100,100,100,100,100,100,100,100,100,100,100,100,100
Mozambique,MOZ,Access to electricity (% of population),EG.ELC.ACCS.ZS,,,,,,,,6.6,11052929.23.00,14652065.28.00,1691220.15.00,5.7,6630428.41.00,8.1,1146706.25.00,1413880.51.00,46480.47.00,12.4,952052.45.00,15,1496358.26.00,20.2,356154.47.00,687036.16.00,24.8,24,36458.35.00,24.3,31.1,1144101.13.00,1020668.09.00
Mauritania,MRT,Access to electricity (% of population),EG.ELC.ACCS.ZS,,,,,,,,,,,244407.35.00,22.2,1239384.21.00,60517.44.00,557430.45.00,18.2,1624924.55.00,67600.34.00,30,124895.35.00,333673.47.00,506855.41.00,707102.51.00,961461.31.00,38.8,39.5,40959.21.00,42.9,982174.57.00,1579926.18.00,45.4
Mauritius,MUS,Access to electricity (% of population),EG.ELC.ACCS.ZS,69373.54.00,117896.51.00,166229.04.00,213442.18.00,258379.26.00,299908.46.00,336924.03.00,368255.26.00,392796.39.00,409276.09.00,99,326827.49.00,99.4,146290.55.00,63855.18.00,2209.48.00,1639311.34.00,164536.53.00,11708.24.00,67898.53.00,662317.44.00,99.6,619148.04.00,665216.54.00,783485.14.00,956189.17.00,115564.48.00,100.01.00,1311121.26.00,100,773465.18.00
Malawi,MWI,Access to electricity (% of population),EG.ELC.ACCS.ZS,,,3.2,9225931.46.00,227691.45.00,7862120.53.00,15451226.39.00,6317006.34.00,13781463.08.00,449858.32.00,4.8,3426294.34.00,9238756.44.00,6.2,6.9,10322616.32.00,10887125.13.00,6816735.55.00,1385793.32.00,4455463.09.00,8.7,7.6,7.4,9,11.9,10.8,11,12.7,18.02,11.2,11.5
Malaysia,MYS,Access to electricity (% of population),EG.ELC.ACCS.ZS,,,,,,,,,,,980322.37.00,1036538.32.00,1078512.55.00,1117918.44.00,1166428.58.00,1235742.01.00,1337136.41.00,147415.15.00,1638116.17.00,99.3,792284.28.00,827303.23.00,99.8,1005589.37.00,1206369.51.00,1436815.43.00,99.9,1631263.33.00,1662022.44.00,100,100
North America,NAC,Access to electricity (% of population),EG.ELC.ACCS.ZS,100,100,100,100,100,100,100,100,100,100,100,100,100,100,100,100,100,100,100,100,100,100,100,100,100,100,100,100,100,100,100
Namibia,NAM,Access to electricity (% of population),EG.ELC.ACCS.ZS,,,26.4,27,1554342.18.00,1586943.04.00,1615010.42.00,163769.15.00,1653016.37.00,1660551.39.00,36.5,1651105.55.00,1473818.51.00,1293975.57.00,1123237.28.00,973295.26.00,855441.21.00,43.7,717904.27.00,44.1,669612.23.00,42.3,659378.17.00,47.4,637305.54.00,51.6,49.7,52.5,536144.07.00,464358.53.00,52.3
New Caledonia,NCL,Access to electricity (% of population),EG.ELC.ACCS.ZS,1407277.15.00,1459792.55.00,1511545.38.00,1562192.06.00,1608566.06.00,100,100,100,100,100,100,100,100,100,100,100,100,100,100,100,100,100,100,100,100,100,100,100,100,100,100
Niger,NER,Access to electricity (% of population),EG.ELC.ACCS.ZS,,,4.4,202333.57.00,952964.39.00,6.2,7,3928802.27.00,6.7,5428043.03.00,8024697.21.00,5855536.31.00,13566088.44.00,4584305.33.00,12360295.43.00,7.1,9.3,396791.58.00,1290713.49.00,540281.13.00,1036628.22.00,14.3,14.4,253318.51.00,1220633.53.00,16.6,1623312.44.00,96090.09.00,17.6,76256.57.00,1203202.08.00
Nigeria,NGA,Access to electricity (% of population),EG.ELC.ACCS.ZS,27.3,391035.07.00,16612.46.00,1606112.34.00,1377486.02.00,1145458.04.00,90925.26.00,666677.25.00,417654.59.00,44.9,299992.39.00,1519538.39.00,1058177.27.00,52.2,139428.41.00,1372071.48.00,970137.14.00,218249.03.00,50.3,1614918.26.00,48,55.9,2947.05.00,55.6,256140.59.00,52.5,59.3,54.4,56.5,55.4,55.4
Nicaragua,NIC,Access to electricity (% of population),EG.ELC.ACCS.ZS,,,,1141.34.00,423118.56.00,1416580.32.00,738836.59.00,55422.15.00,854.03.00,333616.25.00,1587049.38.00,441.18.00,90800.13.00,100031.47.00,250942.12.00,13769.55.00,493875.51.00,1499455.29.00,867068.41.00,15348.53.00,224841.58.00,81.2,46999.14.00,1492454.09.00,14298.53.00,404339.11.00,1580028.53.00,1045552.39.00,357305.58.00,1103384.28.00,5591.53.00
Netherlands,NLD,Access to electricity (% of population),EG.ELC.ACCS.ZS,100,100,100,100,100,100,100,100,100,100,100,100,100,100,100,100,100,100,100,100,100,100,100,100,100,100,100,100,100,100,100
Norway,NOR,Access to electricity (% of population),EG.ELC.ACCS.ZS,100,100,100,100,100,100,100,100,100,100,100,100,100,100,100,100,100,100,100,100,100,100,100,100,100,100,100,100,100,100,100
Nepal,NPL,Access to electricity (% of population),EG.ELC.ACCS.ZS,,,,,,,17.9,221464.21.00,122109.45.00,545615.43.00,1446368.17.00,24.6,584167.53.00,976715.56.00,37.2,134151.41.00,51.2,1077958.17.00,1595939.58.00,469565.35.00,68.6,67.26.00,357791.53.00,735728.39.00,84.9,23796.42.00,90.7,1041180.28.00,94.32.00,89.9,89.9
Nauru,NRU,Access to electricity (% of population),EG.ELC.ACCS.ZS,1665238.47.00,68941.34.00,14002.18.00,208190.44.00,274973.22.00,338360.55.00,397208.59.00,450398.35.00,496785.18.00,535110.17.00,103006.49.00,78351.09.00,39453.58.00,1664653.52.00,1632292.31.00,1620721.16.00,1641257.03.00,99.8,113815.08.00,220092.35.00,342277.21.00,99,608797.32.00,74123.12.00,863492.09.00,99,1108739.02.00,1388445.21.00,153229.51.00,100,100
New Zealand,NZL,Access to electricity (% of population),EG.ELC.ACCS.ZS,100,100,100,100,100,100,100,100,100,100,100,100,100,100,100,100,100,100,100,100,100,100,100,100,100,100,100,100,100,100,100
OECD members,OED,Access to electricity (% of population),EG.ELC.ACCS.ZS,911432.38.00,107521.25.00,218410.15.00,545232.03.00,52789.21.00,527309.32.00,656634.13.00,709552.46.00,705196.45.00,793411.19.00,106262.47.00,1104357.06.00,1004096.33.00,961478.53.00,1107605.34.00,1234273.22.00,1230911.46.00,1046285.37.00,124295.34.00,1153553.01.00,1351901.12.00,1313104.11.00,1358604.29.00,1397654.39.00,1409223.24.00,1399487.16.00,1493409.29.00,1567857.04.00,1497874.13.00,1569670.38.00,1556950.49.00
Oman,OMN,Access to electricity (% of population),EG.ELC.ACCS.ZS,100,100,100,100,100,100,100,100,100,100,100,100,100,1660802.01.00,1632725.51.00,1578061.14.00,1523689.05.00,100,100,100,100,100,100,100,100,100,100,100,100,100,100
Other small states,OSS,Access to electricity (% of population),EG.ELC.ACCS.ZS,,,,,,,,,,,911686.25.00,141021.59.00,539795.21.00,927471.23.00,448836.41.00,800832.41.00,516505.11.00,1528445.03.00,234076.27.00,101577.35.00,972685.48.00,874954.16.00,849192.03.00,1092979.06.00,1486053.11.00,679014.34.00,1088537.58.00,1112038.25.00,1230351.18.00,967748.39.00,505256.38.00
Pakistan,PAK,Access to electricity (% of population),EG.ELC.ACCS.ZS,,,,,,,,,70.46.00,442320.34.00,1361562.53.00,1446758.47.00,151837.55.00,1586098.58.00,1663601.54.00,95229.16.00,225603.54.00,390717.43.00,584530.46.00,800672.31.00,204631.04.00,1395655.51.00,947086.36.00,552622.28.00,230383.16.00,163001.44.00,1387267.31.00,11109.06.00,662578.46.00,93.9,80974.29.00
Panama,PAN,Access to electricity (% of population),EG.ELC.ACCS.ZS,70.19.00,738623.49.00,426137.32.00,112506.51.00,1463278.26.00,1143976.33.00,820147.54.00,490660.47.00,154370.47.00,1476672.01.00,669097.49.00,751411.03.00,190257.22.00,87.8,738582.58.00,204767.56.00,1369700.11.00,902705.57.00,46519.46.00,48444.39.00,87.25.00,924503.35.00,537071.13.00,89.1,1413918.32.00,1006522.35.00,592209.19.00,93.7,93.8,93.9,560117.59.00
Peru,PER,Access to electricity (% of population),EG.ELC.ACCS.ZS,,,70.1,1248385.32.00,88287.14.00,591459.31.00,67,336.04.00,1273.03.00,1382.43.00,8346.55.00,1957.11.00,6452.08.00,6423.26.00,11614.17.00,2971.05.00,2701.15.00,16549.51.00,11389.43.00,793.12.00,2139.01.00,11880.31.00,1749.28.00,2348.05.00,15425.09.00,14295.59.00,94.2,94.8,95.2,919028.42.00,96.2
Philippines,PHL,Access to electricity (% of population),EG.ELC.ACCS.ZS,,,,65.4,30992.29.00,221931.48.00,408331.37.00,589060.15.00,71.3,1457022.33.00,1165247.51.00,1212843.33.00,1246197.43.00,76.6,87.6,1377578.54.00,80.18.00,159860.52.00,83.3,84.3,80619.37.00,87.2,87.08.00,87.5,1270650.13.00,89.08.00,1637956.42.00,93,316472.17.00,484218.14.00,650578.11.00
Palau,PLW,Access to electricity (% of population),EG.ELC.ACCS.ZS,1042347.35.00,1271267.34.00,1499984.06.00,60915.59.00,286237.27.00,508163.49.00,725550.42.00,937279.07.00,1142204.39.00,1339055.44.00,1580386.12.00,3353.13.00,78744.21.00,151566.55.00,233506.37.00,1527610.13.00,471047.49.00,640598.23.00,838860.55.00,1059426.43.00,1295912.31.00,1541909.38.00,1050807.31.00,370188.13.00,234.03.00,836776.33.00,100,100,100,100,100
Papua New Guinea,PNG,Access to electricity (% of population),EG.ELC.ACCS.ZS,,,,,,,11,2641377.52.00,4918166.02.00,7114257.27.00,648173.34.00,1230442.36.00,1330.52.00,697257.01.00,1271825.07.00,20064.22.00,12.4,1490150.47.00,514376.04.00,17.2,19.5,546666.18.00,907590.42.00,1322632.56.00,143218.33.00,68504.51.00,13.5,384918.47.00,16.6,23.6,826884.15.00
Poland,POL,Access to electricity (% of population),EG.ELC.ACCS.ZS,100,100,100,100,100,100,100,100,100,100,166518.59.00,1647717.37.00,160073.25.00,1520090.33.00,1421061.01.00,1343266.37.00,1297566.33.00,1286605.39.00,13141.27.00,100,100,100,100,100,100,100,100,100,100,100,100
Pre-demographic dividend,PRE,Access to electricity (% of population),EG.ELC.ACCS.ZS,,,,,,,,1529495.59.00,1024374.08.00,1442.51.00,1445673.52.00,303683.16.00,6192.17.00,765430.16.00,1655004.55.00,1226816.38.00,1640747.12.00,536975.26.00,194481.04.00,28958.09.00,107572.21.00,61858.46.00,747258.47.00,554238.44.00,1396386.09.00,104264.05.00,1011985.53.00,529322.19.00,135979.53.00,958473.53.00,637691.48.00
Puerto Rico,PRI,Access to electricity (% of population),EG.ELC.ACCS.ZS,1639147.16.00,165614.54.00,1664464.08.00,100,100,100,100,100,100,100,100,100,100,100,100,100,100,100,100,100,100,100,100,100,100,100,100,100,100,100,100
Korea, Dem. People's Rep.,PRK,Access to electricity (% of population),EG.ELC.ACCS.ZS,,,,,,,,,,,,,,,,,,,,26,500539.32.00,722150.01.00,946872.39.00,116863.17.00,1381377.02.00,1586139.16.00,117318.31.00,309625.45.00,497787.42.00,683190.21.00,867206.59.00
Portugal,PRT,Access to electricity (% of population),EG.ELC.ACCS.ZS,100,100,100,100,100,100,100,100,100,100,100,100,100,100,100,100,100,100,100,100,100,100,100,100,100,100,100,100,100,100,100
Paraguay,PRY,Access to electricity (% of population),EG.ELC.ACCS.ZS,,,,,,7895.34.00,433511.54.00,6966.54.00,1270699.05.00,8724.17.00,964851.22.00,161.07.00,11198.23.00,9398.39.00,4257.36.00,11542.06.00,12580.05.00,7642.11.00,11394.16.00,14951.35.00,815.06.00,492.16.00,14023.56.00,363.44.00,110.56.00,5624.32.00,98.4,99.3,99.6,99.7,99.7
West Bank and Gaza,PSE,Access to electricity (% of population),EG.ELC.ACCS.ZS,,,,,,,,97.9,898929.41.00,1038687.29.00,99.7,99.1,293639.57.00,99.1,99.5,99.6,99.7,98.8,99.8,99.9,99.9,99.7,99.8,99.9,99.9,99.9,100,99.9,100,100,100
Pacific island small states,PSS,Access to electricity (% of population),EG.ELC.ACCS.ZS,,,,,,,,,,75453.23.00,719196.25.00,1235698.52.00,642187.18.00,705212.01.00,948924.06.00,225857.34.00,792686.33.00,1146887.33.00,11454.11.00,896317.31.00,970806.41.00,1142635.27.00,1322712.46.00,1062654.25.00,1097090.58.00,1138233.28.00,214128.51.00,594931.08.00,1568362.27.00,977401.06.00,715966.25.00
Post-demographic dividend,PST,Access to electricity (% of population),EG.ELC.ACCS.ZS,1657417.34.00,1659678.34.00,1661919.26.00,1663997.18.00,166642.41.00,1666376.58.00,1666391.15.00,1666405.35.00,1666420.17.00,1666435.25.00,1194739.55.00,1209994.36.00,1216899.05.00,1260528.14.00,1285245.17.00,1342523.32.00,1341119.34.00,1385707.27.00,1405489.38.00,1435971.04.00,1464256.11.00,1487887.11.00,1501508.53.00,1530495.03.00,1553131.28.00,157304.56.00,1595911.01.00,1617894.23.00,1637234.07.00,1654970.51.00,1662527.37.00
French Polynesia,PYF,Access to electricity (% of population),EG.ELC.ACCS.ZS,100,100,100,100,100,100,100,100,100,100,100,100,100,100,100,100,100,100,100,100,100,100,100,100,100,100,100,100,100,100,100
Qatar,QAT,Access to electricity (% of population),EG.ELC.ACCS.ZS,100,100,100,100,100,100,100,100,100,100,100,100,100,100,100,100,100,100,100,100,100,100,100,100,100,100,100,100,100,100,100
Romania,ROU,Access to electricity (% of population),EG.ELC.ACCS.ZS,100,100,100,100,100,100,100,100,100,100,682530.38.00,1081814.59.00,1466857.49.00,182679.08.00,574270.31.00,986639.17.00,1431115.06.00,243651.42.00,751565.56.00,1281783.25.00,161255.15.00,716904.03.00,1275668.11.00,164486.01.00,711589.54.00,1269031.37.00,99.1,100,1371190.12.00,100,1658792.57.00
Russian Federation,RUS,Access to electricity (% of population),EG.ELC.ACCS.ZS,100,100,100,100,100,100,100,100,100,100,1344510.45.00,1425445.55.00,149299.59.00,155711.13.00,1629468.39.00,56822.33.00,182936.26.00,343776.48.00,533316.23.00,7548.52.00,447028.56.00,349232.49.00,100,100,100,95.5,683807.11.00,100,100,1296714.36.00,1496401.17.00
Rwanda,RWA,Access to electricity (% of population),EG.ELC.ACCS.ZS,,,2.3,,,,,463933.45.00,2902128.19.00,525964.43.00,6.2,11986188.07.00,782607.02.00,6220021.53.00,11748560.19.00,4.8,687578.24.00,1328046.24.00,6,1022045.31.00,9.7,10.8,17.5,15.2,19.8,22.8,29.37.00,34.1,1594758.29.00,46.6,316893.45.00
South Asia,SAS,Access to electricity (% of population),EG.ELC.ACCS.ZS,,,,1225164.09.00,537881.22.00,1347927.36.00,1502055.14.00,720987.32.00,595218.53.00,1200523.12.00,1481444.29.00,814606.34.00,921287.19.00,45753.08.00,116272.42.00,121249.22.00,1558131.34.00,196902.06.00,75266.21.00,1184549.25.00,17826.47.00,1562.15.00,795444.01.00,1115911.11.00,1470365.29.00,1308125.33.00,1521319.08.00,111327.52.00,1032964.07.00,520606.56.00,325031.49.00
Saudi Arabia,SAU,Access to electricity (% of population),EG.ELC.ACCS.ZS,100,100,100,100,100,100,100,100,100,100,100,100,100,1663777.29.00,100,100,100,100,100,100,100,100,100,100,100,100,99.9,100.37.00,100.29.00,100.39.00,100.39.00
Sudan,SDN,Access to electricity (% of population),EG.ELC.ACCS.ZS,32.8,1532183.16.00,68129.12.00,1495448.44.00,640919.24.00,144991.54.00,58748.19.00,1385790.54.00,510910.09.00,1294623.49.00,23,643225.06.00,1089913.26.00,1534036.23.00,320604.27.00,794628.16.00,1300743.13.00,174922.09.00,20.37,29,1647933.21.00,563036.27.00,1171857.47.00,168137.38.00,44.9,26197.45.00,841648.31.00,1613586.17.00,56559.34.00,950921.09.00,1159555.18.00
Senegal,SEN,Access to electricity (% of population),EG.ELC.ACCS.ZS,,,,26,317505.11.00,1428679.49.00,868658.49.00,32.2,1397146.48.00,36.2,38.14.00,148207.12.00,36.8,1562210.24.00,36.8,47.1,49.9,249103.14.00,1246831.56.00,53.5,56.5,56.5,56.5,57,61,60.5,64.5,61.7,66,70.4,64.3
Singapore,SGP,Access to electricity (% of population),EG.ELC.ACCS.ZS,100,100,100,100,100,100,100,100,100,100,100,100,100,100,100,100,100,100,100,100,100,100,100,100,100,100,100,100,100,100,100
Solomon Islands,SLB,Access to electricity (% of population),EG.ELC.ACCS.ZS,,,,,,,,,,15.7,11297992.53.00,9885381.42.00,83313.08.00,674971.14.00,526011.53.00,397844.14.00,14.4,12.9,207789.08.00,21.2,69227.15.00,23671.03.00,1474492.26.00,44.7,797862.09.00,55.1,328160.07.00,62.9,1310210.04.00,658676.29.00,1496615.53.00
Sierra Leone,SLE,Access to electricity (% of population),EG.ELC.ACCS.ZS,,,,,,,,,,,12139994.57.00,7899006.16.00,3515554.32.00,15773114.37.00,16.8,554153.32.00,355597.25.00,11414.11.00,12.1,1069438.57.00,770299.27.00,14.2,25998.16.00,13.5,1382298.59.00,1097714.02.00,20.3,23.4,26.1,22.7,51806.42.00
El Salvador,SLV,Access to electricity (% of population),EG.ELC.ACCS.ZS,,1082.08.00,553727.27.00,460306.31.00,364609.28.00,16667.44.00,91.43.00,52608.23.00,10714.03.00,2238.52.00,8738.09.00,1150.49.00,1002.06.00,16105.11.00,6037.45.00,8850.59.00,3446.47.00,1916.58.00,94.47.00,231.02.00,9761.38.00,9670.06.00,11435.51.00,813.25.00,2185.16.00,95.4,96,96.8,97,97.36.00,1204335.21.00
San Marino,SMR,Access to electricity (% of population),EG.ELC.ACCS.ZS,100,100,100,100,100,100,100,100,100,100,100,100,100,100,100,100,100,100,100,100,100,100,100,100,100,100,100,100,100,100,100
Somalia,SOM,Access to electricity (% of population),EG.ELC.ACCS.ZS,,,,,,,,,,,1822561.02.00,1143972.54.00,7.4,13696743.07.00,657031.37.00,1631838.11.00,389658.02.00,347033.28.00,1417372.46.00,843356.01.00,453765.44.00,16264.28.00,1272481.25.00,916150.33.00,632031.54.00,402329.54.00,198510.38.00,52.1,1216747.42.00,49.2,1439321.34.00
Serbia,SRB,Access to electricity (% of population),EG.ELC.ACCS.ZS,100,100,100,100,100,100,100,100,100,100,142177.24.00,1344881.31.00,100,1161839.37.00,107903.37.00,1151301.45.00,984418.03.00,988334.28.00,1020962.51.00,1075907.12.00,12072.18.00,1227121.48.00,1310600.06.00,100.32.00,1101428.53.00,99.9,1579091.12.00,100,1653274.21.00,99.8,100
Sub-Saharan Africa (excluding high income),SSA,Access to electricity (% of population),EG.ELC.ACCS.ZS,,,,,,,627588.34.00,42925.56.00,783972.56.00,61029.02.00,1074522.33.00,173470.03.00,469701.13.00,862179.05.00,514422.26.00,472844.03.00,199277.45.00,743247.53.00,54789.35.00,889495.11.00,403041.44.00,1327994.52.00,1138890.25.00,1525550.56.00,422145.59.00,177470.04.00,1214707.49.00,1122498.52.00,566690.01.00,213244.41.00,795766.32.00
South Sudan,SSD,Access to electricity (% of population),EG.ELC.ACCS.ZS,,,,,,,,,,,,,,,,,,13273049.24.00,4621079.34.00,3,1.5,13081230.44.00,4937802.46.00,13428206.16.00,5168100.13.00,13491690.11.00,5079441.18.00,4.2,4769482.15.00,12899436.36.00,4348904.56.00
Sub-Saharan Africa,SSF,Access to electricity (% of population),EG.ELC.ACCS.ZS,,,,,,,647611.04.00,447268.03.00,802026.37.00,78365.52.00,1088533.57.00,187094.39.00,483459.49.00,874775.04.00,526731.07.00,484940.28.00,211601.46.00,754391.49.00,558774.17.00,90071.29.00,41418.08.00,1338032.25.00,1148647.49.00,1534982.01.00,431724.59.00,18722.02.00,1223277.18.00,1130956.05.00,574611.46.00,220915.05.00,803110.25.00
Small states,SST,Access to electricity (% of population),EG.ELC.ACCS.ZS,,,,,,,,,,,649890.45.00,639342.25.00,182812.03.00,31974.38.00,616695.36.00,471108.26.00,1148670.25.00,178268.03.00,612920.48.00,548132.06.00,697383.04.00,1295518.54.00,1356229.26.00,1054417.05.00,1223050.39.00,151324.29.00,387027.25.00,303414.55.00,1373934.17.00,1036166.22.00,615507.44.00
Sao Tome and Principe,STP,Access to electricity (% of population),EG.ELC.ACCS.ZS,,,,,,,,,,,52.9,763791.32.00,878093.35.00,989820.43.00,1110664.58.00,1252299.19.00,1426021.38.00,1634483.07.00,204978.11.00,56.9,739845.14.00,1024746.54.00,57.9,1597506.38.00,68.6,510371.46.00,60224.14.00,74.27.00,71,204987.49.00,1356086.26.00
Suriname,SUR,Access to electricity (% of population),EG.ELC.ACCS.ZS,,,,,,,,,,1139.06.00,694013.52.00,512497.51.00,316740.18.00,118426.55.00,1595883.35.00,1427464.42.00,33157.29.00,1189529.19.00,111748.55.00,106691.54.00,329284.06.00,1006258.33.00,984222.19.00,958905.27.00,925208.57.00,1639307.34.00,1368007.18.00,1053194.03.00,97.4,1550364.32.00,672247.39.00
Slovak Republic,SVK,Access to electricity (% of population),EG.ELC.ACCS.ZS,100,100,100,100,100,100,100,100,100,100,100,100,1664960.03.00,1651862.55.00,1613525.13.00,1553596.19.00,148190.38.00,100,100,100,100,100,100,100,100,100,100,100,100,100,100
Slovenia,SVN,Access to electricity (% of population),EG.ELC.ACCS.ZS,100,100,100,100,100,100,100,100,100,100,100,100,100,100,100,100,100,100,100,100,100,100,100,100,100,100,100,100,100,100,100
Sweden,SWE,Access to electricity (% of population),EG.ELC.ACCS.ZS,100,100,100,100,100,100,100,100,100,100,100,100,100,100,100,100,100,100,100,100,100,100,100,100,100,100,100,100,100,100,100
Eswatini,SWZ,Access to electricity (% of population),EG.ELC.ACCS.ZS,,,,,,,,,,,714372.56.00,26.9,1568990.55.00,1153280.55.00,746681.42.00,360872.34.00,35.2,1354828.44.00,1064552.21.00,38.6,920607.41.00,30245.36.00,497471.27.00,890064.01.00,65,207418.14.00,63.43.00,73.5,1601927.58.00,50736.11.00,1655683.03.00
Sint Maarten (Dutch part),SXM,Access to electricity (% of population),EG.ELC.ACCS.ZS,100,100,100,100,100,100,100,100,100,100,160320.06.00,153454.55.00,144781.34.00,1349942.21.00,1262077.09.00,1195002.03.00,1160008.34.00,1159754.15.00,1188211.54.00,1238972.48.00,100,100,100,100,100,100,100,100,100,100,100
Seychelles,SYC,Access to electricity (% of population),EG.ELC.ACCS.ZS,,,,,90,289513.05.00,920909.03.00,92,498915.32.00,1109775.43.00,225021.16.00,688150.57.00,96.1,1583345.57.00,372104.17.00,848331.05.00,99,233008.42.00,804755.32.00,139968.14.00,97,132696.53.00,495601.45.00,98,100,100,100,100,100,100,100
Syrian Arab Republic,SYR,Access to electricity (% of population),EG.ELC.ACCS.ZS,,,,,,,,,,,653016.35.00,196003.08.00,86.6,917590.16.00,452883.51.00,8954.49.00,84391.54.00,886690.13.00,538306.38.00,212226.19.00,92.7,753773.27.00,118042.59.00,669721.57.00,360528.02.00,43018.04.00,1385269.09.00,1055323.16.00,86,384368.53.00,46119.41.00
Turks and Caicos Islands,TCA,Access to electricity (% of population),EG.ELC.ACCS.ZS,88.7,9075.53.00,731953.23.00,1372835.15.00,344788.03.00,979998.43.00,1610669.54.00,5782.22.00,118807.39.00,130721.57.00,95.6,153653.22.00,291385.17.00,7205.51.00,1140079.08.00,1589781.05.00,40577.34.00,921421.41.00,1466656.22.00,100,100,100,93.1,100,100,100,100,100,100,100,99.4
Chad,TCD,Access to electricity (% of population),EG.ELC.ACCS.ZS,,,,,,,,2.3,7006456.28.00,13436891.39.00,1840956.02.00,7370300.07.00,12757197.03.00,1451766.31.00,3.5,12564369.04.00,1878870.34.00,8207350.01.00,1482297.01.00,4994946.45.00,6.4,9.38,131958.39.00,1504015.59.00,7201616.01.00,7.7,4088315.26.00,10.9,98020.42.00,8.4,1442804.48.00
East Asia & Pacific (IDA & IBRD countries),TEA,Access to electricity (% of population),EG.ELC.ACCS.ZS,,,,,,,,,,,317799.03.00,1150054.21.00,318027.19.00,727805.01.00,439831.18.00,1486928.46.00,98348.26.00,85797.21.00,1135817.07.00,525045.15.00,1501367.08.00,679296.42.00,1045829.13.00,1432632.41.00,30760.27.00,572758.36.00,675442.11.00,196784.19.00,85086.14.00,425911.23.00,241063.11.00
Europe & Central Asia (IDA & IBRD countries),TEC,Access to electricity (% of population),EG.ELC.ACCS.ZS,100,100,100,100,100,1658587.59.00,1560979.48.00,1538605.47.00,1545728.38.00,1199647.35.00,422388.58.00,538962.13.00,682089.49.00,736083.57.00,782765.41.00,955050.12.00,996813.22.00,1192316.56.00,1349189.54.00,1572841.19.00,522939.07.00,545718.46.00,1084568.18.00,1163209.59.00,1255583.13.00,555207.46.00,1107776.48.00,1542665.35.00,1570155.12.00,1501049.59.00,1584941.48.00
Togo,TGO,Access to electricity (% of population),EG.ELC.ACCS.ZS,,,,,,,,,15.3,121682.35.00,1593740.48.00,980011.33.00,519881.35.00,57189.25.00,127048.39.00,837476.02.00,27.9,70805.21.00,1400209.16.00,1085263.31.00,1319602.48.00,39.7,210292.24.00,1587271.57.00,45.7,1241861.28.00,1291479.58.00,48,50,769915.08.00,212717.01.00
Thailand,THA,Access to electricity (% of population),EG.ELC.ACCS.ZS,,,,,,,,,,,82.1,610797.36.00,1627465.17.00,974886.01.00,331423.53.00,1375417.31.00,243768.08.00,228988.33.00,1368514.55.00,99.36.00,99.7,533393.41.00,181138.15.00,674105.09.00,843719.18.00,99.6,1475445.53.00,99.9,100.22.00,99.9,100
Tajikistan,TJK,Access to electricity (% of population),EG.ELC.ACCS.ZS,,,,,,,,,,97,779667.54.00,1003948.18.00,99,100,908199.24.00,99.3,928480.52.00,989388.52.00,1079021.33.00,99,1318800.42.00,1456167.57.00,99.1,67174.06.00,195983.42.00,98,430104.23.00,99.3,99.3,74413.07.00,843007.13.00
Turkmenistan,TKM,Access to electricity (% of population),EG.ELC.ACCS.ZS,,,,,,,,,,,99.6,1061055.19.00,1011489.41.00,959368.12.00,916351.08.00,894136.53.00,140321.08.00,948598.03.00,1021903.49.00,1117525.33.00,100,1350107.39.00,147515.26.00,1571983.09.00,1636833.01.00,100,100,100,100,99.9,100
Latin America & the Caribbean (IDA & IBRD countries),TLA,Access to electricity (% of population),EG.ELC.ACCS.ZS,,,977108.44.00,33336.23.00,191935.58.00,806187.52.00,754085.47.00,1526189.16.00,9154.31.00,269486.15.00,900139.41.00,304130.53.00,832536.52.00,945374.09.00,107524.22.00,662729.43.00,248907.11.00,6509.41.00,250632.18.00,54157.26.00,1352940.33.00,220238.54.00,872660.03.00,1349306.51.00,1634013.04.00,396248.38.00,716892.39.00,111047.36.00,1183861.54.00,1597457.38.00,188621.01.00
Timor-Leste,TLS,Access to electricity (% of population),EG.ELC.ACCS.ZS,,,,,,,,,,,1390617.12.00,25.6,16449.27.00,27.7,594340.46.00,834720.33.00,1107188.18.00,36.6,83629.22.00,441851.31.00,38,1199628.04.00,158688.33.00,303206.38.00,678302.27.00,469290.14.00,76.5,901186.47.00,260552.32.00,1054230.44.00,4050.34.00
Middle East & North Africa (IDA & IBRD countries),TMN,Access to electricity (% of population),EG.ELC.ACCS.ZS,,,,,,,,,,,581349.48.00,958015.03.00,781149.37.00,670985.37.00,438784.44.00,46631.23.00,343653.31.00,400366.06.00,153128.21.00,71169.38.00,351609.14.00,360153.14.00,1056150.34.00,935911.49.00,150495.13.00,1470956.44.00,363929.29.00,348769.22.00,770722.11.00,1017056.14.00,1223829.34.00
Tonga,TON,Access to electricity (% of population),EG.ELC.ACCS.ZS,,,,,80,1314206.04.00,924027.07.00,528176.58.00,125536.41.00,1381487.36.00,98848.47.00,46865.38.00,160125.16.00,1063828.03.00,536294.34.00,29551.11.00,92.3,781657.53.00,370447.15.00,1648218.14.00,1275230.51.00,292518.51.00,92.8,187765.23.00,1482410.04.00,100,97.02.00,349816.44.00,10068.05.00,98.4,1439257.07.00
South Asia (IDA & IBRD),TSA,Access to electricity (% of population),EG.ELC.ACCS.ZS,,,,1225164.09.00,537881.22.00,1347927.36.00,1502055.14.00,720987.32.00,595218.53.00,1200523.12.00,1481444.29.00,814606.34.00,921287.19.00,45753.08.00,116272.42.00,121249.22.00,1558131.34.00,196902.06.00,75266.21.00,1184549.25.00,17826.47.00,1562.15.00,795444.01.00,1115911.11.00,1470365.29.00,1308125.33.00,1521319.08.00,111327.52.00,1032964.07.00,520606.56.00,325031.49.00
Sub-Saharan Africa (IDA & IBRD countries),TSS,Access to electricity (% of population),EG.ELC.ACCS.ZS,,,,,,,647611.04.00,447268.03.00,802026.37.00,78365.52.00,1088533.57.00,187094.39.00,483459.49.00,874775.04.00,526731.07.00,484940.28.00,211601.46.00,754391.49.00,558774.17.00,90071.29.00,41418.08.00,1338032.25.00,1148647.49.00,1534982.01.00,431724.59.00,18722.02.00,1223277.18.00,1130956.05.00,574611.46.00,220915.05.00,803110.25.00
Trinidad and Tobago,TTO,Access to electricity (% of population),EG.ELC.ACCS.ZS,,,,,,,,,,,91.29.00,460682.33.00,775929.08.00,1088607.09.00,1410389.35.00,95,100,100,100,99,100,97.5,100,100,100,100,100,100,100,100,100
Tunisia,TUN,Access to electricity (% of population),EG.ELC.ACCS.ZS,,,,,86.8,88.7,90.4,92,93.2,94.2,94.8,97.3,97.8,98.4,99,99.2,99.4,99.4,99.4,99.5,99.5,99.5,99.5,99.7,99.8,99.9,100,100,99.8,100,99.9
Turkiye,TUR,Access to electricity (% of population),EG.ELC.ACCS.ZS,,,,,,,,,,,1499643.47.00,1447751.11.00,1360814.14.00,1271321.26.00,1190945.46.00,1131360.11.00,1103856.13.00,1111091.26.00,1147025.53.00,1205276.18.00,100,100,100,100,100,100,100,100,100,100,100
Tuvalu,TUV,Access to electricity (% of population),EG.ELC.ACCS.ZS,,,,,,,,,,,983777.16.00,1293378.06.00,1049732.36.00,21573.01.00,516783.02.00,839480.59.00,1194260.33.00,96.7,335344.19.00,775878.16.00,1232332.14.00,3250.29.00,112059.54.00,966512.24.00,1423932.45.00,206384.07.00,97.3,1202070.58.00,1611616.52.00,99.7,709225.47.00
Tanzania,TZA,Access to electricity (% of population),EG.ELC.ACCS.ZS,,,6.8,5503131.58.00,5010790.39.00,4484458.47.00,9.4,3284476.14.00,258823.05.00,8,10851629.38.00,11385640.34.00,1177729.26.00,11.1,11.4,132663.13.00,1425099.04.00,1558415.47.00,11.5,11.2,14.8,14.2,15.3,16.4,23.5,368722.51.00,32.8,161737.01.00,1549386.01.00,37.7,39.9
Uganda,UGA,Access to electricity (% of population),EG.ELC.ACCS.ZS,,5.6,,,8898308.52.00,6.8,13518406.58.00,1574915.52.00,12456.58.00,3327240.35.00,6648181.55.00,8.6,7.8,881317.55.00,95623.22.00,8.9,9,1341870.19.00,1533009.54.00,10,12.1,14.6,790027.55.00,13.9,20.4,18.5,26.7,642280.47.00,42.32.00,41.3,232503.18.00
Ukraine,UKR,Access to electricity (% of population),EG.ELC.ACCS.ZS,100,100,100,100,100,100,100,100,100,100,225903.39.00,335805.05.00,431477.41.00,524569.01.00,626777.28.00,147692.37.00,904868.54.00,99.8,1313219.31.00,1500355.51.00,1616487.57.00,1659721.12.00,1445917.37.00,100,100,100,100,100,100,100,100
Upper middle income,UMC,Access to electricity (% of population),EG.ELC.ACCS.ZS,,,,,,,,,,,547794.09.00,1285565.04.00,398337.45.00,77049.29.00,1324107.24.00,1092697.18.00,1025454.59.00,1251926.39.00,37023.16.00,1023239.57.00,26246.34.00,62616.21.00,1134321.15.00,1335556.05.00,1492986.41.00,1234343.47.00,1636263.51.00,241918.52.00,256514.45.00,393757.35.00,297834.45.00
Uruguay,URY,Access to electricity (% of population),EG.ELC.ACCS.ZS,,,303949.21.00,701.06.00,904179.15.00,1199754.43.00,95.9,109515.14.00,388102.34.00,658615.28.00,1069788.59.00,1210118.58.00,1336207.26.00,146060.02.00,1592351.38.00,79113.06.00,8521.46.00,11641.56.00,13170.35.00,99.1,99.3,99.17.00,99.6,10295.48.00,11050.25.00,1281.28.00,99.7,99.8,99.8,99.9,100
United States,USA,Access to electricity (% of population),EG.ELC.ACCS.ZS,100,100,100,100,100,100,100,100,100,100,100,100,100,100,100,100,100,100,100,100,100,100,100,100,100,100,100,100,100,100,100
Uzbekistan,UZB,Access to electricity (% of population),EG.ELC.ACCS.ZS,,,,,,,99.6,633008.08.00,749013.05.00,856956.18.00,1042032.42.00,988677.48.00,99.7,850916.22.00,789868.29.00,75048.54.00,81781.41.00,767997.34.00,823259.48.00,900838.02.00,994336.16.00,1097345.48.00,1203457.58.00,1306302.12.00,1400754.07.00,1486915.24.00,1560717.05.00,1620277.13.00,165463.35.00,1665087.12.00,100
St. Vincent and the Grenadines,VCT,Access to electricity (% of population),EG.ELC.ACCS.ZS,,66.8,190791.09.00,774809.35.00,1356564.38.00,268246.13.00,842079.25.00,1410228.42.00,30561.31.00,858206.52.00,1592282.47.00,82.41.00,74452.04.00,1143182.28.00,1551686.41.00,31508.56.00,775691.15.00,89.19.00,129980.27.00,677110.45.00,1240161.04.00,146057.02.00,721746.43.00,1294143.02.00,191494.05.00,747207.28.00,1240511.24.00,1609290.54.00,100,100,100
Venezuela, RB,VEN,Access to electricity (% of population),EG.ELC.ACCS.ZS,,,13767.03.00,399318.47.00,538987.34.00,99,806982.46.00,98.7,98.4,98.9,98.9,99.9,99.8,95.7,99.1,1294691.49.00,99.3,1420716.42.00,1529791.36.00,1661195.13.00,141840.26.00,99.24.00,458600.11.00,615257.05.00,100,100,99.4,99.2,1463760.12.00,1408065.37.00,152819.08.00
British Virgin Islands,VGB,Access to electricity (% of population),EG.ELC.ACCS.ZS,1011026.55.00,1374656.35.00,7228.29.00,433749.47.00,793793.38.00,1150429.41.00,15119.34.00,182324.05.00,521972.01.00,853558.13.00,243042.21.00,414131.32.00,57185.13.00,725258.14.00,888641.43.00,1072815.18.00,1289095.55.00,1540090.17.00,153130.56.00,455153.14.00,98.3,1100536.26.00,1431105.23.00,91728.02.00,4204.15.00,100,100,100,100,100,100
Virgin Islands (U.S.),VIR,Access to electricity (% of population),EG.ELC.ACCS.ZS,100,100,100,100,100,100,100,100,100,100,100,100,100,100,100,100,100,100,100,100,100,100,100,100,100,100,100,100,100,100,100
Vietnam,VNM,Access to electricity (% of population),EG.ELC.ACCS.ZS,,,,,,,,78.4,293398.04.00,1657482.57.00,391920.59.00,1533252.59.00,89.1,451533.59.00,1585160.18.00,96.1,96,147353.02.00,1397314.53.00,96.1,97.43.00,99,98.29.00,880542.51.00,99.2,423784.43.00,99.2,100,100,99.4,99.8
Vanuatu,VUT,Access to electricity (% of population),EG.ELC.ACCS.ZS,,,,,18,1569418.11.00,1320616.06.00,1066147.36.00,804880.59.00,19.1,311581.02.00,1594919.19.00,1197350.23.00,797212.54.00,406189.21.00,35952.44.00,26.44.00,1041066.26.00,786359.33.00,485224.59.00,44.1,70524.53.00,1513346.07.00,31.7,191921.55.00,43479.09.00,58.22.00,62.8,998379.59.00,837034.01.00,498495.21.00
World,WLD,Access to electricity (% of population),EG.ELC.ACCS.ZS,,,,,,,,,583823.33.00,1096496.34.00,607371.01.00,140984.16.00,383955.34.00,1631.37.00,106005.25.00,1393328.07.00,781521.37.00,1678.56.00,1314747.15.00,1640018.19.00,943470.59.00,104140.27.00,98208.32.00,1362361.07.00,511701.01.00,42155.54.00,320729.33.00,32669.07.00,1489643.22.00,324615.59.00,80694.47.00
Samoa,WSM,Access to electricity (% of population),EG.ELC.ACCS.ZS,,78.8,1067026.24.00,707733.46.00,80,1647905.04.00,1278414.29.00,903265.26.00,521326.14.00,131299.52.00,45762.39.00,1088090.31.00,449498.29.00,1475016.16.00,842972.48.00,231719.25.00,619645.33.00,774793.26.00,98.1,97.9,685431.48.00,111525.07.00,1297881.26.00,5081.32.00,97.9,259141.23.00,1434068.08.00,96.8,136644.49.00,99.2,100
Kosovo,XKX,Access to electricity (% of population),EG.ELC.ACCS.ZS,100,100,100,100,100,100,100,100,100,100,,,,,,,,,,,,,,,,,,,,,
Yemen, Rep.,YEM,Access to electricity (% of population),EG.ELC.ACCS.ZS,,,44.1,1291232.22.00,1641931.12.00,322562.56.00,665327.12.00,42.6,1332729.34.00,1654958.02.00,398767.31.00,607254.26.00,801499.49.00,993176.39.00,49.59.00,1415541.56.00,1333946.03.00,290946.44.00,60857.55.00,947477.13.00,1302817.16.00,996.36.00,52.41.00,75.6,66.1,691544.27.00,1426510.28.00,79.2,62,1294360.38.00,1422510.02.00
South Africa,ZAF,Access to electricity (% of population),EG.ELC.ACCS.ZS,,,,,,,57.6,805656.46.00,64.9,553049.31.00,658450.36.00,70.2,76.7,78.8,80.6,80.8,80.7,82,81.9,82.6,82.8,83.6,85.2,85.2,85.9,85.3,83.9,84.4,84.7,85,90
Zambia,ZMB,Access to electricity (% of population),EG.ELC.ACCS.ZS,13.9,1254516.31.00,19.2,355359.24.00,1569612.31.00,1113801.42.00,17.3,187448.58.00,19,900426.26.00,16.7,34721.59.00,17.4,18.5,20.3,471249.22.00,137235.29.00,18.5,1234041.25.00,985778.44.00,22,530591.59.00,310869.36.00,87866.35.00,27.9,31.1,628735.15.00,40.3,38263.16.00,43,1006825.16.00
Zimbabwe,ZWE,Access to electricity (% of population),EG.ELC.ACCS.ZS,,,28.2,272810.28.00,28.1,1580997.19.00,562191.13.00,1204382.47.00,17340.55.00,38.4,1131586.39.00,284216.14.00,34.2,225083.04.00,103700.02.00,202405.41.00,37.2,299427.09.00,1227345.55.00,615179.27.00,1477050.38.00,36.9,44,1073642.02.00,32.3,33.7,776021.22.00,1631817.54.00,667191.03.00,1136870.17.00,124663.15.00
