Entity;Code;Year;1990;1991;1992;1993;1994;1995;1996;1997;1998;1999;2000;2001;2002;2003;2004;2005;2006;2007;2008;2009;2010;2011;2012;2013;2014;2015;2016;2017;2018;2019;2020
Afghanistan;AFG;;;;;;;;;;;;65.95744;84.745766;81.159424;67.02128;62.92135;63.440857;76.190475;78.94737;73.9726;82.97872;79.78723;76.92309;84.09091;80.180176;86.2069;87.28814;87.603294;85.826775;82.90598;83.17757;85
Angola;AGO;2000;64.28571;;;;;;;;;;64.28571;63.52201;66.08187;63.40206;79.357796;80.58608;81.48148;78.4127;76.35468;66.52174;69.17293;71.97106;62.023216;59.347553;56.83297;56.713207;58.863857;72.003746;77.162895;71.55844;72.9355
Albania;ALB;1990;86.36364;92.1466;95;93.76771;95.68528;93.95973;95.65944;96.17591;96.2818;97.41697;97.01493;96.438354;95.60439;98.0843;97.65343;98.7013;98.21428;97.526505;98.172325;100;100;98.554214;100;100;100;100;100;100;100;100;100
United Arab Emirates;ARE;1990;0;0;0;0;0;0;0;0;0;0;0;0;0;0;0;0;0;0;0;0.012061271;0.022642363;0.032181934;0.020030046;0.077361956;0.28292415;0.25885102;0.26261798;0.592698;1.0318142;2.930968;5.5788226
Argentina;ARG;1990;49.264286;44.11212;47.01023;51.09896;54.28159;50.15494;43.238823;49.78993;46.06736;35.667465;40.914955;50.38733;51.07825;46.982075;40.066883;40.620663;41.131058;34.19035;33.22876;36.362854;34.353058;31.217922;28.619164;30.806438;30.066004;29.472387;27.81438;28.267298;29.673082;31.991589;33.967842
Armenia;ARM;2000;;;;;;;;;;;54.98221;52.962296;71.59309;72.55278;70.84745;71.189285;75.26691;74.91039;74.04023;79.88827;78.15534;68.17539;58.08147;59.178085;57.84447;64.363144;65.03597;63.315216;57.04607;60.821915;59.999996
American Samoa;ASM;2000;;;;;;;;;;;0;0;0;0;0;0;0;0;0;0;0;0;0;0;0;0;0;0;0;0;0
Antigua and Barbuda;ATG;2000;;;;;;;;;;;0;0;0;0;0;0;0;0;0;0;0;0;0;0;0;3.030303;0;3.030303;3.030303;2.9411764;6.060606
Australia;AUS;1990;9.9702215;10.368504;10.299597;10.323705;9.914866;9.407731;9.408696;8.989149;8.488753;8.457535;8.634437;8.218014;8.0833025;8.659832;8.701304;9.156236;9.63576;9.119031;8.05489;7.804379;9.044215;11.3454275;11.410575;14.870858;14.96213;14.3476;15.609379;16.313873;17.145937;21.37597;25.503168
Austria;AUT;1990;66.206894;65.065765;72.392395;74.07047;70.81174;70.51468;66.809784;67.92385;69.79614;70.677574;72.58146;69.17786;69.03938;60.695835;63.975456;63.389675;65.285805;68.62184;69.03876;71.161385;66.24944;65.70832;74.71616;78.185486;81.46706;76.94422;78.28352;75.719376;76.96802;77.109795;80.098274
Azerbaijan;AZE;1990;7.1613684;7.5025053;8.841448;12.73424;10.414888;9.1293125;8.996196;10.168686;10.8419;8.285651;8.611898;7.206704;10.828371;12.121213;13.323572;14.8258705;11.155914;11.331718;10.806846;12.821948;19.211267;13.787722;8.29493;6.672719;5.5317326;6.9587626;8.485363;7.7961674;7.850546;6.869919;5.0041018
Burundi;BDI;2000;;;;;;;;;;;100;100;100;100;99.99999;99.99999;99.99999;100;100;100;100;92.85714;93.33333;83.333336;78.94737;83.333336;84.210526;72.413795;62.96296;66.666664;68.57143
Belgium;BEL;1990;61.573486;60.963615;61.719406;60.55936;57.793667;57.16812;58.424274;61.646126;57.168957;59.817677;59.439545;60.32049;59.92093;58.13091;58.863968;59.108204;59.72072;59.750465;60.367107;58.737595;58.662643;63.492416;62.392532;66.50758;64.71666;59.5273;68.80657;68.32686;62.255173;68.237465;65.866425
Benin;BEN;2000;;;;;;;;;;;0;0;0;0;0;0;0;0;0;0;0;0;0;0;0;0;0;0;0;5;4.347826
Burkina Faso;BFA;2000;;;;;;;;;;;31.25;15.625;16.666666;22.222223;21.276596;20.408163;15.384616;18.965517;22.413794;19.696968;20.3125;13.043478;12.643678;12.121212;8.928572;6.993007;10.322581;9.756098;13.939394;12.209302;12.804878
Bangladesh;BGD;1990;11.433006;10.133011;8.949854;6.604388;8.65699;3.442532;6.4406486;6.0634174;6.714796;5.764706;6.3214526;5.9792557;5.9659085;6.0247445;5.2020636;5.033425;4.7521367;2.6018488;2.970297;1.3401768;2.182385;2.3763802;2.0287957;2.1982415;1.5402168;1.4930743;1.9586676;1.9155419;1.8929151;1.4337819;1.7300581
Bulgaria;BGR;1990;38.878277;37.97002;37.95147;41.649048;43.812534;46.650658;49.133083;48.062923;48.178524;48.81517;51.25616;48.791714;53.07674;47.93095;48.212555;52.242203;52.154793;40.83916;41.96589;44.74368;45.69378;40.44044;45.245266;48.977695;49.573746;49.548252;51.21185;48.25284;54.813065;54.908676;59.920437
Bahrain;BHR;2000;;;;;;;;;;;0;0;0;0;0;0;0;0;0;0;0;0;0;0;0.03901678;0.037341297;0.037299518;0.036390103;0.03599712;0.031806614;0.03348962
Bahamas;BHS;2000;;;;;;;;;;;0;0;0;0;0;0;0;0;0;0;0;0;0;0;0;0;0;0;0;0;0
Bosnia and Herzegovina;BIH;2000;;;;;;;;;;;50.149254;50;50.144093;41.219963;48.287113;48.88889;45.3125;35.106384;33.99154;41.090427;48.18182;29.766804;31.026787;42.720764;38;36.740147;33.07828;24.450193;35.526318;37.85243;31.170483
Belarus;BLR;1990;0.050599605;0.0464696;0.04521878;0.056939077;0.060515337;0.080263264;0.06743088;0.08059254;0.119189516;0.07165485;0.12224939;0.12733448;0.120627254;0.11985617;0.10224949;0.13740982;0.20100503;0.23427042;0.3343465;0.3511236;0.36585367;0.3968254;0.552868;0.9797297;0.8274594;0.90568393;1.2678288;2.3105361;2.2094927;2.494692;4.4475136
Belize;BLZ;2000;;;;;;;;;;;49.999996;59.999996;59.999996;35.294117;37.5;41.17647;78.26087;75;86.95652;80;63.265305;67.44186;57.44681;66.66667;62.7451;57.407406;60.37736;53.94737;50.63291;53.409092;38.70968
Bolivia;BOL;2000;;;;;;;;;;;54.64191;57.4026;56.54321;50.359707;57.11009;50.746273;51.181103;56.079853;55.63506;53.38983;49.53416;50.07278;42.349728;42.22222;40.686275;41.946697;35.44018;39.25845;44.585983;42.04204;41.206547
Brazil;BRA;1990;95.50487;95.24155;95.14788;95.431725;95.42675;95.07129;94.39373;94.00732;93.93806;91.22531;91.57278;89.111;90.15546;91.18975;89.46926;90.00303;90.43527;91.390076;87.71251;92.08145;88.053566;90.468155;85.88896;80.12387;76.527;77.456825;83.713684;82.4661;85.409164;85.30534;86.79134
Barbados;BRB;2000;;;;;;;;;;;0;0;0;0;0;0;0;0;0;0;0;0;0;0;1.0309278;1.0204082;2;2.970297;3;3.9215686;7
Brunei;BRN;2000;;;;;;;;;;;0;0;0;0;0;0;0;0;0;0;0;0;0;0;0;0;0;0;0;0;0
Bhutan;BTN;2000;;;;;;;;;;;100;100;100;100;100;100.00001;100;100;100;100;100;100;100;100;100;100;100;100;100;100;100
Botswana;BWA;2000;;;;;;;;;;;0;0;0;0;0;0;0;0;0;0;0;0;0;0;0;0;0;0;0.33670032;0.3267974;0.48543692
Central African Republic;CAF;2000;;;;;;;;;;;80;80;80;80;80;81.25;82.35294;87.5;87.5;87.5;81.25;83.333336;83.333336;100;100;100;100;100;100;100;100
Canada;CAN;1990;77.42499;78.02858;77.073296;79.28152;79.690796;78.58922;79.47751;76.68002;73.11891;73.92155;73.5631;72.05828;73.43517;72.50952;74.44069;75.1381;76.42542;75.63339;77.01353;78.19636;77.64257;78.52962;79.71483;80.73323;80.702415;80.327095;81.02748;82.36389;82.31297;82.378334;83.625496
Switzerland;CHE;1990;95.88149;95.263664;94.89061;96.60307;96.50257;96.19965;94.782684;95.30064;94.529755;95.50258;95.74089;95.917755;95.43595;95.31761;95.104774;94.49286;94.64871;95.14986;95.15306;95.18459;94.649475;94.35811;94.53016;94.622986;94.88929;94.64199;93.58261;93.518196;94.31508;94.61654;94.62908
Chile;CHL;1990;53.834267;70.97458;82.69866;78.987724;74.26599;72.40424;60.44451;62.13549;48.170887;39.149124;47.506424;51.772526;53.10361;48.38281;42.88944;50.217308;52.324062;39.81779;42.185562;43.340977;36.98936;33.913605;31.310825;29.587795;36.368835;38.16028;33.083424;39.504177;42.859005;41.64621;43.807076
China;CHN;1990;20.414036;18.413998;17.366556;18.948397;19.727722;20.560476;18.86082;18.786402;18.49525;17.311365;17.874004;20.1379;19.137848;17.304693;18.513056;18.296497;17.50206;17.151705;20.981703;19.7715;20.564993;18.748974;22.102327;22.276764;24.659735;27.040327;28.500713;29.20226;29.917704;31.672895;32.980618
Cote d'Ivoire;CIV;2000;;;;;;;;;;;38.04348;38.03419;33.794468;37.166325;33.46228;26.741997;28.355389;33.776093;34.558823;37.94964;28.469751;30.5026;26.73716;22.083334;24.168797;16.42157;16.89038;20.238096;30.78534;34.530937;31.78808
Cameroon;CMR;2000;;;;;;;;;;;98.840576;98.28571;96.62577;95.87912;95.566505;94.43038;87.69932;75.44554;76.459854;71.454216;73.905426;75.91623;79.43396;70.4065;65.06747;56.23377;62.716763;64.54082;60.265697;64.19161;65.74186
Democratic Republic of Congo;COD;2000;;;;;;;;;;;100;100;99.834984;99.836334;99.85755;99.86358;99.73226;99.6139;99.46309;99.6129;98.97698;98.97567;99.86702;99.87745;99.88558;99.88688;99.88913;99.681854;99.71346;99.72924;99.748955
Congo;COG;2000;;;;;;;;;;;100;99.99999;100;90;89.74359;88.09524;88.63637;85;81.25;69.230774;57.894737;63.70968;60.97561;59.39394;57.14286;42.69663;41.342754;43.508774;38.72054;25.68306;25.065275
Cook Islands;COK;2000;;;;;;;;;;;0;0;0;0;0;0;0;0;0;0;0;0;0;0;0;0;0;25;40;25;25
Colombia;COL;1990;72.60907;69.772255;61.782764;67.74923;72.18858;68.374115;73.97725;64.037476;62.274715;71.49735;75.79996;74.61738;76.746826;78.94737;81.81632;80.32422;80.788925;81.67896;84.04294;73.55417;71.81208;82.84114;78.59267;69.92658;69.60174;64.28759;66.44314;79.25381;75.868164;69.49456;64.77833
Comoros;COM;2000;;;;;;;;;;;0;0;0;0;0;0;0;0;0;0;0;0;0;0;0;0;0;0;0;0;0
Cape Verde;CPV;2000;;;;;;;;;;;7.142857;6.25;5.5555553;0;4.7619047;4.347826;4.166667;3.846154;3.7037036;3.5714285;0;8.571428;19.444443;23.076923;21.95122;21.95122;20.930233;17.391304;19.565218;17.391304;16.27907
Costa Rica;CRI;2000;;;;;;;;;;;98.9781;98.40349;97.843666;97.39369;99.12171;96.56442;93.822845;92.27323;92.73505;94.360085;92.50264;90.61856;91.04477;87.83383;89.11969;97.58364;96.77419;98.13664;97.290215;97.81277;98.38161
Cuba;CUB;2000;;;;;;;;;;;0.6342495;0.48476455;0.6752194;0.8713137;0.6101695;17.785467;9.935484;11.626506;11.8176365;11.310593;10.555217;10.400478;10.477835;9.741332;9.825328;9.625391;8.978329;9.386282;10.1833;15.309779;16.827957
Cayman Islands;CYM;2000;;;;;;;;;;;0;0;0;0;0;0;0;0;0;0;0;0;0;0;0;0;0;1.5151515;1.5384616;2.857143;2.8985507
Cyprus;CYP;1990;0;0;0;0;0;0;0;0;0;0;0;0;0;0;0;0;0;0;0.19723865;0.57581574;1.500938;3.4552846;5.508475;7.692308;7.142857;8.810573;8.793456;8.6;9.486166;10.097087;12.371135
Czechia;CZE;1990;22.081259;21.923716;23.116003;24.134993;25.27397;24.166391;23.672255;22.862482;23.475702;24.497427;21.769547;23.336027;28.592106;33.506462;34.69388;34.00464;35.345444;33.713116;36.347263;39.037235;39.78179;40.98304;44.325134;46.60228;46.465122;43.928745;40.836487;44.264397;45.302784;47.021107;50.442917
Germany;DEU;1990;31.375956;30.645912;33.453888;33.263794;33.15626;33.599216;33.879314;35.2895;33.77204;35.964817;35.834354;35.951813;35.968105;35.139576;36.874874;36.916584;38.0718;36.36033;38.340176;39.200935;39.34106;38.33799;39.088314;39.55161;41.88564;43.80161;42.6614;45.29961;47.109306;52.611385;55.681694
Djibouti;DJI;2000;;;;;;;;;;;0;0;0;0;0;0;0;0;0;0;0;0;0;0;0;0;0;0;0;0;0
Dominica;DMA;2000;;;;;;;;;;;42.857143;37.5;42.857143;37.5;42.857143;37.5;37.5;25;25;25;22.222221;40;30;40;30;20;36.363636;37.5;33.333336;22.222221;25
Denmark;DNK;1990;3.1947656;2.9009302;4.4227643;4.738081;4.2878265;5.0626016;3.883495;6.6169825;9.566698;11.262535;15.472222;15.509013;17.286152;17.48267;23.5527;27.049406;20.171015;26.201982;27.580559;27.652557;31.97839;40.232822;48.33876;45.941277;55.886925;65.43381;60.1964;70.25459;68.346504;78.17689;81.622
Dominican Republic;DOM;2000;;;;;;;;;;;9.270704;7.1647897;7.341772;9.466986;14.31127;15.850622;13.348589;12.4269;11.774744;12.597066;10.586553;10.6568365;12.222926;13.090258;10.079902;7.806032;11.462239;15.465545;13.958228;12.247015;17.427885
Algeria;DZA;1990;0.8383011;1.6892477;1.0882642;1.8182755;0.83488405;0.9789501;0.6536265;0.34888592;0.9242542;0.8199701;0.20929259;0.2796644;0.23076923;0.93525183;0.8506295;1.7235976;0.6642512;0.62911063;0.74015325;0.8285005;0.3954408;1.0379905;1.1485735;0.5859375;0.41390726;0.34013605;0.50921077;0.8951049;1.0818309;1.0953188;0.9899628
Ecuador;ECU;1990;78.544685;72.77874;69.11565;78.39561;80.61493;61.226696;65.53657;63.06056;59.74183;69.62207;72.753624;65.17691;64.50217;63.368984;57.295647;58.14145;54.363903;55.816757;63.417305;53.374233;47.948853;57.394367;56.716415;51.06952;51.556503;54.78469;60.316883;73.41954;72.54564;78.04273;79.37979
Egypt;EGY;1990;23.724451;22.913393;21.784071;21.59424;22.096806;22.095871;21.437372;20.729431;19.942501;20.466146;18.39667;19.150812;15.245844;14.655171;13.553685;12.669639;12.255708;13.621822;12.42256;10.526316;9.127208;9.262795;8.729241;8.71426;8.762622;8.39416;8.176399;7.8896565;8.671476;10.662351;11.004279
Eritrea;ERI;2000;;;;;;;;;;;0;0;0;0;0;0;0;0;0;0;0;0;0;0;0;0;0;2.4390244;2.3255813;2.2727273;2.3809524
Spain;ESP;1990;53.104954;53.886913;48.107723;52.22565;52.4363;48.212555;56.28425;48.78397;49.57857;41.851868;43.7715;48.487576;40.0942;45.717064;41.56404;35.087536;38.0275;37.6082;38.986706;43.50839;53.583763;49.850708;50.529327;59.739937;60.94784;55.604;60.201332;53.488457;58.720753;58.82092;66.25726
Estonia;EST;1990;0;0;0;0;0;0.115074806;0;0.10845987;0.11737089;0.12106537;0.11750881;0.23557127;0.3516999;0.492126;0.58195925;1.0784314;1.3360741;1.1494253;1.8903592;6.1503425;8.095605;9.154383;12.29097;9.262049;11.164659;15.369459;13.064914;14.1337385;16.087309;28.120895;48.848686
Ethiopia;ETH;2000;;;;;;;;;;;96.47059;97.05882;97.101456;97.4249;97.665375;97.916664;98.181816;95.19774;88.26667;89.420654;98.3968;98.8924;99.4702;99.653984;99.7888;99.8075;99.91981;99.923836;99.92748;99.929726;99.929726
Finland;FIN;1990;64.79132;65.03967;68.11017;64.45645;57.43449;60.540287;53.67541;59.340656;65.930145;63.576153;65.71142;59.644634;56.376286;49.702663;56.483646;66.44391;55.29555;58.99654;65.90023;63.011982;58.47648;64.70428;73.5483;69.37165;73.528984;78.67174;78.28563;80.381355;78.49385;81.52969;85.77636
Fiji;FJI;2000;;;;;;;;;;;70.96774;74.62686;70.42254;56.944443;58.666668;53.164555;53.57143;68.96552;70.454544;67.44186;61.111115;65.11628;72.093025;69.318184;58.241753;55.208332;62.500004;60.952385;65.13761;62.83186;63.636364
Falkland Islands;FLK;2000;;;;;;;;;;;0;0;0;0;0;0;0;0;0;0;0;50;50;50;50;50;50;50;50;50;50
France;FRA;1990;88.65292;86.58828;89.02874;92.63084;92.90561;92.15799;91.48598;92.20696;89.25579;90.102264;90.51537;91.45038;90.46041;89.75211;90.033325;88.88324;89.98239;89.65155;90.205345;90.30252;89.76067;89.60345;90.05078;90.74507;93.69823;92.22017;89.89528;88.294846;91.44365;90.54302;90.869606
Faroe Islands;FRO;2000;;;;;;;;;;;38.095238;34.782608;43.47826;34.782608;41.666668;45.833336;45.833336;46.153847;38.46154;40.740738;29.62963;38.46154;39.285713;39.285713;53.333332;61.29032;50;53.125;50;40.540543;39.02439
Gabon;GAB;2000;;;;;;;;;;;62.5;64.44444;64.08451;60.958904;59.459457;52.980133;58.385094;47.02381;49.717514;51.933704;48.12834;42.34694;43.269234;46.039604;41.145836;45.365856;42.857143;42.922375;41.935482;44.690266;45.90909
United Kingdom;GBR;1990;22.523287;23.607395;26.056868;29.555134;29.299736;28.822786;28.727242;30.098227;29.949043;28.678988;25.385971;26.061146;25.735828;25.112528;24.058882;24.922867;23.779991;21.049417;19.317118;25.289482;23.308966;28.537775;30.934633;34.84158;38.265564;45.5985;46.009277;50.489407;52.977306;54.923054;59.403976
Georgia;GEO;2000;;;;;;;;;;;79.779915;80.73529;93.575424;91.50142;87.958885;86.414566;73.98031;82.61934;85.421684;87.17339;92.88578;78.256516;75.50158;82.97872;81.20079;78.88785;81.497795;81.43236;83.30537;76.98276;74.731186
Ghana;GHA;2000;;;;;;;;;;;91.86536;84.7348;70.464134;67.53927;89.11565;83.532936;67.88321;54.80059;75.42997;77.67654;69.98993;68.70997;68.34471;65.203514;65.8749;52.014324;48.77193;44.15888;42.24078;43.858597;36.534653
Guinea;GIN;2000;;;;;;;;;;;54.666668;58.51064;59.595955;45.977013;58.51064;55.68182;54.117645;56.382977;54.166668;54.166668;52.173912;48.235294;69.014084;75;60.869564;78.94737;68.32298;69.49152;51.00671;63.592236;77.8125
Gambia;GMB;2000;;;;;;;;;;;0;0;0;0;0;0;0;0;0;0;0;0;0;0;0;0;0;0;0;0;0
Guinea-Bissau;GNB;2000;;;;;;;;;;;0;0;0;0;0;0;0;0;0;0;0;0;0;0;0;0;0;0;0;0;0
Equatorial Guinea;GNQ;2000;;;;;;;;;;;11.111111;16.666668;9.090909;8.333334;5.882353;5;3.846154;3.125;10.869565;9.803922;5.172414;4.6153846;10.666667;26.041668;34.862385;36.153847;33.57143;32.83582;32.59259;32.142857;34.751774
Greece;GRC;1990;5.089132;8.673755;5.937668;6.110674;6.5362716;8.619855;10.348892;9.055209;8.205239;9.6173315;7.7499065;5.5388093;6.6357737;10.172711;10.051021;10.785798;12.747216;7.319407;9.138589;13.361716;18.351341;13.7692175;16.674896;25.140057;24.190666;28.65136;27.366293;25.009062;30.309858;33.14121;36.44103
Grenada;GRD;2000;;;;;;;;;;;0;0;0;0;0;0;0;0;0;0;0;0;0;0;0;0;0;0;0;0;0
Greenland;GRL;2000;;;;;;;;;;;40.476192;41.025642;47.368423;54.545452;57.575756;57.142857;51.282055;52.63158;50;61.904762;70.731705;73.91304;77.27273;82.22222;82.97872;82.35294;83.333336;82.608696;80.39216;80;84.745766
Guatemala;GTM;2000;;;;;;;;;;;52.902153;51.457977;45.43974;46.405228;48.813057;48.07229;55.60917;50.77605;59.83413;52.693207;62.953697;63.526573;63.733906;63.952335;64.17213;58.705162;59.468437;69.085175;64.02267;60.101376;67.138596
Guam;GUM;2000;;;;;;;;;;;0;0;0;0;0;0;0;0;0;0;0;0;0;0;0;1.8181819;4.0462427;3.409091;4.0462427;3.9548023;4.117647
Guyana;GUY;2000;;;;;;;;;;;6.818182;6.593406;6.593406;6.097561;6.976744;7.692308;7.4626865;7.142857;7.042254;15.277777;15.116279;15.384615;14.736842;14.141414;15.000001;15.384616;13.636364;13.157896;13.793104;13.114754;12.931036
Hong Kong;HKG;1990;0;0;0;0;0;0;0;0;0;0;0;0;0;0;0;0;0;0;0;0;0;0;0;0;0;0;0.13885033;0.4304161;0.4357932;0.5467626;0.5431503
Honduras;HND;2000;;;;;;;;;;;63.276836;50.4;41.475826;41.609196;33.04721;35.555553;39.372826;40.330578;40.923565;48.11912;51.226994;48.57143;47.39653;46.243526;43.130226;45.580406;50.1046;56.354164;61.654896;51.528778;51.724136
Croatia;HRV;1990;44.356663;64.49361;48.988766;47.7534;62.029644;61.380795;70.45659;57.184753;52.663757;56.54854;57.282413;56.225525;46.02675;41.394997;54.931602;54.05819;51.47059;37.79904;45.6964;56.02996;62.880325;47.016922;49.6695;66.5233;73.95833;66.844444;66.24405;60.39016;72.177124;65.95577;64.57704
Haiti;HTI;2000;;;;;;;;;;;52.830193;49.122807;49.056606;49.019608;49.056606;49.056606;49.09091;33.333336;38.29787;29.411764;30.357143;18.461538;20.952381;14;9.183673;8.163265;6.8627453;13;20;16.666666;11.956522
Hungary;HUN;1990;48.980305;46.528706;44.728535;42.57065;42.541767;41.887123;41.151325;40.22599;38.091396;37.90642;40.97755;39.51126;39.22545;33.2259;38.119255;43.916084;41.701534;41.44144;42.90355;51.01643;50.25422;51.08273;53.235126;60;64.088585;62.892036;60.67274;59.640568;61.07109;61.392223;62.047157
Indonesia;IDN;1990;23.010492;22.204845;26.638683;25.141514;20.873459;19.411617;18.970043;12.157131;17.798302;17.054121;19.99388;20.90438;18.579138;16.883892;16.806925;17.05298;15.350051;16.369028;16.89653;16.451733;19.50876;15.875333;14.8894415;15.766565;14.487201;13.795372;15.367891;16.240925;17.047817;16.261044;18.131039
India;IND;1990;25.319405;24.820948;22.741083;21.344929;22.09698;19.804989;17.847122;17.533396;19.280458;17.925135;16.808134;16.222763;15.112197;14.53779;18.68198;17.770964;19.503513;20.041193;18.60673;17.181797;17.674166;19.907156;18.170246;19.300434;18.758022;18.269842;17.558842;18.509884;19.16807;21.475914;23.060581
Ireland;IRL;1990;4.919185;5.0234427;5.196451;4.7707562;5.585264;4.1453714;4.0190377;4.1137633;5.6486354;5.19063;4.985213;4.180195;5.5555553;4.5856795;5.511499;7.298985;9.111029;9.904829;12.032085;14.730068;13.210227;19.992636;19.351273;22.01799;24.757847;27.971529;24.875952;28.962818;33.00971;38.41146;42.10197
Iran;IRN;1990;12.8020115;8.926354;13.700914;14.103046;8.51316;9.866869;9.821708;6.1258154;7.313571;4.70351;3.2006702;3.2526062;5.8163934;6.3435545;7.360531;8.200147;9.636561;8.910989;3.629626;3.1333122;4.4254923;4.677618;5.7286434;7.386233;6.827994;6.034114;7.713277;8.067634;5.6731224;13.020164;9.2847395
Iraq;IRQ;1990;16.389647;16.057545;23.818045;22.745764;23.432074;26.86892;24.977062;24.755814;23.174026;14.396939;2.0319786;2.0098846;1.6012559;1.6129032;1.6129032;20.567867;18.810339;18.01459;9.913794;7.415156;10.214239;6.608969;10.0046;8.621627;4.632238;3.984556;4.505698;2.6859505;2.6230297;5.987218;5.776567
Iceland;ISL;1990;99.77827;99.77729;99.78021;99.999985;100.000015;99.79919;100;100;100;100;100;100;99.88023;99.88152;99.88304;99.88399;99.89859;100;100;100;100;100;100;100;100;100;100;100;100;100;100
Israel;ISR;1990;0.014355716;0.02788869;0.11747454;0.10000116;0.08122702;0.08213687;0.0736888;0.071202755;0.06583036;0.084124655;0.07481297;0.04840271;0.07014262;0.090456806;0.08998875;0.08754651;0.04208754;0.05933544;0.07493443;0.12787724;0.23911187;0.43624163;0.69830185;0.94554937;1.5773907;1.9458282;2.521259;2.647929;2.6862204;4.0435023;5.3903084
Italy;ITA;1990;16.373446;20.84421;20.582811;20.611694;21.120598;17.493671;19.334867;18.790936;18.376627;19.84532;18.900242;20.049433;17.455557;16.420212;18.274939;16.376978;16.512863;15.533349;18.6112;24.083735;25.84002;27.67732;31.104963;39.014874;43.497692;38.757786;37.607937;35.41745;39.810013;39.756306;42.039772
Jamaica;JAM;2000;;;;;;;;;;;7.3954988;6.5495205;7.04441;7.4294205;7.9528723;8.440629;8.534851;9.269162;10.75;10.344828;10.353536;11.221945;11.959288;10.941476;11.764706;11.764706;12.106537;14.634148;16.546762;15.294118;15.724815
Jordan;JOR;2000;;;;;;;;;;;0.7204611;0.7052186;0.78431374;0.6648936;0.7117438;0.7709251;0.6698565;0.7358954;0.69177556;0.5965697;0.5759539;0.50835145;0.5128205;0.431566;0.46565774;1.6183035;5.016181;7.5587335;11.52648;15.542974;21.556887
Japan;JPN;1990;33.21695;34.539707;33.69831;37.99391;34.15082;37.592678;37.770123;40.207253;40.70877;38.71299;41.49231;41.767937;38.66364;35.06225;38.127705;37.537926;39.0951;34.293114;34.002705;37.38577;36.249386;25.776997;12.059049;12.809407;13.271962;15.981131;17.171658;20.106245;22.869198;25.860157;25.666662
Kazakhstan;KAZ;1990;8.429944;9.000078;8.813743;10.367779;14.314912;12.602151;12.62939;13.075998;12.508811;12.96406;14.581719;14.590104;15.240871;13.498278;12.0388365;11.572438;10.842869;10.663012;9.284381;8.738727;9.703569;9.101409;8.43081;8.34683;8.738378;10.310966;12.659833;11.28782;10.170598;10.415101;10.990427
Kenya;KEN;2000;;;;;;;;;;;50.123455;66.95652;76.8421;80.588234;73.3945;71.20953;70.88607;71.319016;65.31249;58.447487;70.63712;68.33773;74.907295;70.31071;80.04779;85.51165;85.24252;78.59813;87.022224;89.12098;92.17021
Kyrgyzstan;KGZ;2000;;;;;;;;;;;86.25079;83.91275;83.17757;87.336815;87.02432;86.47541;86.4846;86.48834;86.45384;92.58241;92.20452;93.582886;93.787575;93.7951;91.643456;85.859375;87.269936;91.95553;92.61438;92.385445;91.52752
Cambodia;KHM;2000;;;;;;;;;;;10.638298;5.882353;4.347826;5.633803;3.9473684;4.4444447;11.711712;11.347518;11.510792;12.820514;12.903226;18.181818;62.773724;72.83237;65.55184;50.704227;51.749542;45.34712;62.81407;53.372787;54.674557
Kiribati;KIR;2000;;;;;;;;;;;0;0;0;0;0;0;0;0;0;0;0;0;0;0;0;0;0;0;0;0;0
South Korea;KOR;1990;48.599632;45.433475;40.71972;38.52278;33.266888;34.410114;33.985455;32.435402;39.643097;40.93823;39.47967;37.935047;37.426937;39.565655;37.21004;38.863274;38.225685;35.01167;35.413933;34.14537;31.428331;31.987608;30.572289;28.437191;31.803883;33.61921;32.75376;30.913393;27.83133;30.772005;33.800594
Kuwait;KWT;1990;0;0;0;0;0;0;0;0;0;0;0;0;0;0;0;0;0;0;0;0;0;0;0;0.017442875;0.016329195;0.01557875;0.030372059;0.058479533;0.08615738;0.08509431;0.074693754
Laos;LAO;2000;;;;;;;;;;;90.35812;90.41096;90.42254;90.41533;100;100;100;100;100;100;100;100;100;100;100;87.14909;70.70344;66.84211;68.12111;66.612114;74.13442
Lebanon;LBN;2000;;;;;;;;;;;4.787813;3.448276;6.0633483;11.259383;9.414759;8.8586035;6.30137;5.0966606;2.9435165;4.7765794;5.6043215;5.2049446;6.495177;7.150901;1.3002363;2.9026752;2.5164113;2.5948102;2.3453093;5.5009823;6.208312
Liberia;LBR;2000;;;;;;;;;;;0;0;0;0;0;0;0;0;0;0;0;0;0;0;0;0;0;0;0;0;59.55056
Libya;LBY;2000;;;;;;;;;;;0;0;0;0;0;0;0;0;0;0;0.03266906;0.04091653;0.031036623;0.028058361;0.028192839;0.028352708;0.033863865;0.03196931;0.031133251;0.031555694;0.03322259
Saint Lucia;LCA;2000;;;;;;;;;;;0;0;0;0;0;0;0;0;0;0;0;0;0;0;0;0;0;0;0;0;0
Sri Lanka;LKA;1990;99.841255;92.286285;81.92502;95.40805;93.21542;94.03553;71.818214;67.016136;68.98116;66.56838;49.14729;47.32006;39.411762;44.129555;37.309643;38.409855;45.897743;41.430073;43.243244;40.998962;54.44976;42.180515;30.606861;61.234993;40.685043;49.842766;34.185535;31.245747;47.058823;35.934547;38.1258
Lesotho;LSO;2000;;;;;;;;;;;100;100;100;100;100;100;100;100;100;100;100;100;100;100;100;100;100;100;100;100;100
Lithuania;LTU;1990;61.495064;59.120354;80.679985;90.94177;83.86434;90.363235;88.08642;85.85367;81.69591;78.87865;79.41977;81.80546;84.4898;84.72669;83.5845;75.94936;76.49537;78.68481;80.13751;80.2366;19.157894;27.81955;27.441858;38.44221;43.641617;42;61.583572;75.52239;80;78.662415;56.73289
Luxembourg;LUX;1990;12.903226;12.857143;12.121212;11.940298;18.644068;22.448978;17.777779;24.390242;40.540543;36.11111;40;19.54023;5.3571434;5.0179214;5.6379824;6.2686567;7.062147;8.15047;10.294118;8.571429;8.333334;9.090909;11.231884;19.565218;20.94241;32.08955;58.227848;66.66667;70.833336;74.76635;79.508194
Latvia;LVA;1990;67.669174;58.053097;65.625;73.28244;74.549545;73.68421;59.615387;65.410194;74.482765;67.15328;68.115944;66.276344;62.468513;58.942062;68.23028;69.51219;57.055218;59.243694;60.910816;63.913822;54.90196;50.57471;66.61264;56.935486;54.47471;50.180508;54.20561;72.50996;51.934525;49.53416;63.636368
Macao;MAC;2000;;;;;;;;;;;0;0;0;0;0;0;0;0;0;0;0;0;0;0;0;0;0;0;0;0;0
Morocco;MAR;1990;12.671375;13.318849;9.918716;4.470232;7.3234525;5.0529275;15.60855;15.324062;13.70296;6.3978286;6.3478975;7.535212;6.794195;9.951457;10.228572;6.286627;6.0716133;6.153051;6.211813;14.635365;17.343487;10.764306;8.835341;15.646004;13.013699;15.064318;15.55118;14.8652935;19.047619;19.009504;18.290775
Moldova;MDA;2000;;;;;;;;;;;7.3446326;6.382979;6.065858;6.0504203;6.0344825;6.030151;6.0855265;5.9523807;6.322795;5.654281;6.5466447;6.044905;4.655173;6.888889;6.122449;4.470199;4.1025643;6.0483875;5.5762086;6.151142;5.5016184
Madagascar;MDG;2000;;;;;;;;;;;69.230774;59.55056;62.06897;60.606064;57.272724;57.657658;55.752213;60.169495;56.09756;59.349594;53.0303;50.74627;44.117645;43.783783;45.177666;46.116505;44.554455;36.363636;43.171806;45.273632;34.517765
Maldives;MDV;2000;;;;;;;;;;;0;0;0;0;0;0;0;0;0;0;0;0;0;0;1.9607843;1.754386;1.6393442;3.2258065;4.6875;4.6875;6.557377
Mexico;MEX;1990;27.67541;25.435543;28.049162;28.29024;21.035624;28.244984;28.999657;25.619038;22.102468;25.68622;26.952402;23.785852;21.944904;20.78108;21.271194;22.738472;22.817688;21.355362;25.326805;20.65594;21.568775;21.538681;19.529411;19.510582;23.005617;21.35088;20.869911;21.495113;21.71556;21.969315;24.594496
North Macedonia;MKD;1990;8.521739;14.731369;14.003295;10.03861;11.616161;13.0505705;12.801205;13.372957;15.31915;20.26239;17.180616;9.89011;12.479474;20.356611;22.222223;21.46974;23.537802;15.538462;13.312203;18.6217;33.471073;21.153845;16.613419;26.108374;23.977695;35.929203;36.76732;23.035715;34.93761;22.82794;27.715355
Mali;MLI;2000;;;;;;;;;;;64.10257;62.5;63.414635;60.465115;60.869564;62.820515;63.095234;62.650604;63;65.17857;69.005844;65.26316;60.61947;54.385967;63.983055;54.741383;58.483753;50.151978;44.192635;35.240963;36.25
Malta;MLT;1990;0;0;0;0;0;0;0;0;0;0;0;0;0;0;0;0;0;0;0;0;0;0;1.3043479;1.7699115;3.5555556;7.692308;16.27907;10.30303;10.152284;10.144928;11.627907
Myanmar;MMR;2000;;;;;;;;;;;42.973522;45.555557;49;46.84015;48.237476;54.295532;58.557045;61.451614;65.9409;78.4141;71.38964;79.06736;74.414246;73.87017;64.30615;61.068707;57.094025;55.110023;56.319786;46.144123;48.005093
Montenegro;MNE;2005;;;;;;;;;;;;;;;;65.1568;59.322033;59.81308;54.41696;75;68.40796;45.28302;51.929825;63.451775;55.205048;49.666668;58.598724;45.16129;59.210526;56.26822;52.212387
Mongolia;MNG;2000;;;;;;;;;;;0;0;0;0;0;0;0;0;0.25575447;0.2538071;1.2315271;1.4051522;1.3245033;2.542373;4.1420116;4.238921;4.681648;4.5289855;7.1544714;9.954058;10.119048
Mozambique;MOZ;2000;;;;;;;;;;;99.68783;99.660446;99.68279;99.53832;99.570076;99.69675;99.726585;99.749374;99.73369;99.76246;99.69789;99.64115;99.60186;98.10683;93.22709;89.48705;84.78143;84.33591;82.52081;80.49172;81.9545
Mauritania;MRT;2000;;;;;;;;;;;13.043478;11.111111;6;8.510638;7.8431373;10;11.111112;10.638298;10.909091;18.965517;18.75;15.662651;15.384615;22.340425;22.448978;28.070175;23.966942;21.854305;25.443787;25.274725;27.118645
Montserrat;MSR;2000;;;;;;;;;;;0;0;0;0;0;0;0;0;0;0;0;0;0;0;0;0;0;0;0;0;0
Mauritius;MUS;2000;;;;;;;;;;;16.666668;17.222223;17.837837;18.686869;18.04878;28.971962;15.765765;15.086207;15.226337;19.9187;18.28794;15.384616;13.257575;13.919414;15;17.132868;16.551723;15.151515;17.508417;19.093851;20.80292
Malawi;MWI;2000;;;;;;;;;;;87.90323;88.09524;87.96992;91.11111;89.932884;90.84968;91.02564;91.19497;93.64162;92.39766;93.36735;93.53234;93.77991;93.77991;94.117645;94.117645;93.181816;90.909096;87.80488;88.23529;87.7193
Malaysia;MYS;1990;17.495173;16.756989;13.657898;13.914475;16.307709;13.350653;9.7061615;6.962513;6.9487243;11.078236;10.727969;8.696792;7.2093315;6.6578054;6.4431643;6.7079988;6.7215495;6.208426;7.5778904;7.141625;6.106748;7.5572705;8.03045;9.254791;9.703669;9.952702;13.463135;17.39293;16.59632;16.115656;18.037918
Namibia;NAM;2000;;;;;;;;;;;97.163124;100;100;99.337746;100;97.61905;94.64286;97.5;89.69697;94.55782;96.15385;97.9021;98.15951;95.522385;98.68421;98.07693;95.918365;96.55173;98.581566;97.05882;96.92307
New Caledonia;NCL;2000;;;;;;;;;;;28.66242;22.560976;19.760479;19.27711;20.754717;20.111732;17.514124;23.369564;26.966293;23.497267;15.422886;19.534883;21.100916;21.42857;12.280703;14.909091;9.7972975;14.379086;14;17.197453;13.333333
Niger;NER;2000;;;;;;;;;;;0;0;0;0;0;0;0;0;0;0;0;0;2.5641026;2.3809524;2.3809524;1.9607843;2;1.8867925;9.259259;8.196721;11.627907
Nigeria;NGA;2000;;;;;;;;;;;40.28269;39.48787;39.477505;38.139534;34.623657;34.17665;28.176043;28.160658;28.152931;23.857597;25.431902;22.706066;20.659342;19.344261;17.45098;18.532944;25.367075;23.550947;24.301413;26.824644;26.067945
Nicaragua;NIC;2000;;;;;;;;;;;20.657276;19.74249;25.555555;31.538464;37.918217;39.534885;37.096775;33.90411;39.130436;32.676056;38.17664;35.79235;42.93059;50.742577;52.413795;50.45045;53.243855;52.511414;54.746136;51.5625;54.75113
Netherlands;NLD;1990;6.016713;5.7373743;6.229721;6.563556;6.5654025;6.71365;7.018779;5.1228557;6.7451587;7.3269386;7.718984;7.802633;8.240209;8.26087;9.028809;11.49679;11.6729145;11.228572;12.756052;13.279324;12.727731;14.4627;15.892111;14.768473;15.248982;16.33272;16.463146;18.012798;19.722027;22.104479;30.002443
Norway;NOR;1990;99.90944;99.891365;99.90599;99.89131;99.75045;99.754364;99.61749;99.682915;99.71628;99.67252;99.77533;99.65335;99.67722;99.474625;99.46354;99.57695;99.430176;99.26438;99.524895;96.63102;95.84045;96.58506;97.98704;97.86148;97.87143;97.90997;97.995;98.025734;97.97288;97.93769;98.57412
Nepal;NPL;2000;;;;;;;;;;;96.4497;98.918915;99.0566;100;99.58159;99.6;99.632355;99.64029;99.64286;99.67638;100;100;99.433426;99.71429;100;100;100;100;100;100;100
Nauru;NRU;2000;;;;;;;;;;;0;0;0;0;0;0;0;0;0;0;0;0;0;0;0;0;0;0;0;0;0
New Zealand;NZL;1990;80.14338;77.339325;72.75511;77.167366;82.148926;83.93446;79.182655;70.287834;75.8403;69.84938;72.01571;64.77184;71.13533;68.0668;73.7235;66.457985;66.7459;67.10681;65.982544;72.75314;74.133575;76.71677;72.78628;75.10031;79.69995;80.57221;84.32332;81.5747;83.58278;82.10454;80.504745
Oman;OMN;1990;0;0;0;0;0;0;0;0;0;0;0;0;0;0;0;0;0;0;0;0;0;0;0;0;0;0;0;0.058858152;0.056385677;0.055478502;0.37856728
Kosovo;OWID_KOS;2000;;;;;;;;;;;1.6891892;1.3404826;1.347709;1.3774104;2.6960785;2.4663677;2.2573364;1.8633541;1.5503876;2.4144871;3.0947776;1.7241379;1.6835017;2.1472392;2.7624311;2.2913256;4.180602;3.0405405;5.076143;4.88189;5.3731346
World;OWID_WRL;1990;35.78884;36.26115;36.13044;37.050396;36.604237;37.07818;36.84991;36.278072;35.81597;35.66371;35.814354;35.33717;34.75267;33.571587;33.989483;33.534058;33.25126;32.012924;32.771805;33.183754;32.793915;32.182858;32.089783;32.63467;33.161877;33.867153;34.549126;35.173218;35.60828;36.910015;38.4769
Pakistan;PAK;1990;38.067287;37.24194;38.258846;39.184853;38.17944;36.499046;37.18536;30.24496;36.901546;33.053123;28.659306;31.256355;34.166206;37.816208;34.841015;37.85563;37.334324;35.073807;34.66317;34.35603;37.218163;35.02056;36.666668;35.890594;36.38905;36.636395;33.222805;30.779753;37.133667;36.455193;38.230564
Panama;PAN;2000;;;;;;;;;;;71.428566;50.809715;66.01942;52.690166;67.32143;65.60847;61.092148;58.06962;63.94231;58.16024;58.741253;54.761906;64.832535;59.976933;62.155685;71.5508;72.4;74.31797;82.14285;60.057747;75.56561
Peru;PER;1990;76.80331;80.27206;74.8514;80.416;81.09164;77.48533;77.90021;74.46556;74.98883;77.063034;82.241554;85.60235;83.04771;81.992;73.333336;71.23125;73.43808;66.78105;59.77514;62.203983;58.722286;58.266666;56.46967;54.861942;53.048077;53.75135;52.05617;58.787647;60.863205;60.827293;63.839455
Philippines;PHL;1990;45.42014;42.50848;39.195976;40.24606;39.99475;36.857006;36.95208;33.43468;33.62355;44.49218;44.365555;38.699688;37.024296;34.8135;35.079216;33.677803;37.405983;32.930458;35.25982;34.130726;28.052551;29.06119;28.896818;26.82084;26.122978;26.198277;24.642149;24.740412;23.782322;21.47436;22.648321
Papua New Guinea;PNG;2000;;;;;;;;;;;45.971565;38.61004;36.231884;34.516132;32.704403;38.43844;38.46154;40.119762;40.85366;39.402985;38.938053;40.226627;39.61219;38.481674;37.06468;35.66265;34.660423;29.812204;28.863636;28.828829;27.586208
Poland;POL;1990;1.108301;1.130199;1.2395746;1.1762028;1.3354341;1.430135;1.4590268;1.5112815;1.7972579;1.671548;1.6273223;1.9343168;1.943996;1.4999001;2.1016684;2.48307;2.6737301;3.4256516;4.274444;5.7515388;6.9299364;8.054721;10.443604;10.408151;12.533148;13.815148;13.733519;14.1999655;12.755915;15.615801;17.964872
Puerto Rico;PRI;2000;;;;;;;;;;;0.68775797;0.58295965;0.47475183;0.41788548;0.58019066;0.56089747;0.58749473;0.7174888;0.7648184;0.821256;0.76555026;0.74925077;0.5660377;1.4153246;1.7140058;1.8618325;1.8606871;2.2168963;1.4125956;2.6651216;2.7421238
North Korea;PRK;2000;;;;;;;;;;;53.86667;53.7673;54.968616;57.086617;58.149364;58.584946;57.504604;62.918663;61.856125;60.419716;63.07034;69.781105;71.253334;76.74289;73.64208;73.84501;76.57005;80.69815;83.75165;82.0551;84.844475
Portugal;PRT;1990;34.6982;33.109016;18.541033;30.42917;37.12097;28.295624;45.858765;41.681313;36.365974;20.088558;29.668049;34.091404;21.314346;38.048153;27.465418;17.864876;32.365658;34.57027;32.189976;36.96443;52.80313;46.47263;42.50604;58.32179;60.758278;47.53267;54.6254;39.13345;50.350967;52.986664;58.420643
Paraguay;PRY;2000;;;;;;;;;;;99.98112;99.977715;99.97905;99.96099;100;100;100;100;100;100;100;100;100;99.933235;99.9271;99.92772;100;100;100;99.857315;99.849464
Palestine;PSE;2001;;;;;;;;;;;;0;0;0;0;0;0;0;0;0;0;0;0;0;0;2.0833335;7.8431373;9.615385;15;15.584416;22.5
French Polynesia;PYF;2000;;;;;;;;;;;30.769232;21.276596;25;26.315792;29.508196;29.999998;31.746033;33.333332;30.882353;30;43.54839;35.384617;32.8125;28.81356;34.48276;34.48276;36.206898;36.666664;34.48276;32.35294;33.333332
Qatar;QAT;1990;0;0;0;0;0;0;0;0;0;0;0;0;0;0;0;0;0;0;0;0;0;0.03462604;0.030571692;0.030618494;0.05482456;0.07664793;0.07516913;0.06981615;0.044267375;0.06381621;0.04479283
Romania;ROU;1990;17.744946;25.68662;21.662655;23.067196;23.71003;28.264183;28.100935;40.409027;45.66899;46.542503;39.255234;38.03922;39.61779;33.13275;39.05116;43.376537;38.261562;38.45655;43.80293;47.289104;52.664577;45.274193;44.91324;54.261314;59.51833;57.38775;59.235176;55.981236;58.302296;60.679283;64.86876
Russia;RUS;1990;26.357018;26.975536;28.983389;30.685658;31.259577;32.07413;31.090336;31.88816;31.707846;33.374577;34.394764;35.513443;35.0333;34.255325;35.444523;34.505054;33.842663;33.92478;32.26052;34.871525;33.243843;32.90909;32.83041;34.191555;34.26673;34.83473;35.792404;36.32682;35.773537;36.93093;41.390167
Rwanda;RWA;2000;;;;;;;;;;;100;99.99999;100;100;88.888885;60;25;26.666666;38.888885;41.666668;40.740738;41.935482;41.17647;39.473686;44.68085;51.724144;46.268654;47.368423;43.023254;46.078434;64.83516
Saudi Arabia;SAU;1990;0;0;0;0;0;0;0;0;0;0;0;0;0;0;0;0;0;0;0;0;0;0.003998721;0.011041184;0.014081532;0.016032835;0.01477585;0.014817889;0.019753365;0.047781166;0.062602475;0.062124662
Sudan;SDN;2000;;;;;;;;;;;52.325584;51.23675;48.54369;39.93994;36.416183;37.36842;34.977577;33.603237;30.370369;52.180683;82.666664;77.326965;72.88317;82.20919;80.21295;68.09672;60.283688;64.19186;63.39623;63.33538;65.513054
Senegal;SEN;2000;;;;;;;;;;;3.472222;2.9761906;13.407822;20;17.085426;14.159292;12.719298;9.756098;10.810811;10.943396;14.184398;13.636364;14.240506;14.242424;13.461538;13.624678;11.750599;12.946428;14.989293;13.926498;19.120459
Singapore;SGP;1990;0.54425776;1.4762061;1.3965604;1.2920306;1.1849831;1.1107384;1.0247016;0.9172801;0.86344224;0.8299458;0;0;0;0;0;0;0;0;0;0;0;0.022899017;0.022461815;0.35041612;0.59625214;0.85666525;1.0792098;1.1064173;1.3256826;1.5075376;1.63161
Solomon Islands;SLB;2000;;;;;;;;;;;0;0;0;0;0;0;0;0;0;0;0;0;0;0;0;0;0;0;0;0;0
Sierra Leone;SLE;2000;;;;;;;;;;;12.5;7.692308;13.333333;14.285714;16.666668;25;0;33.333336;33.333336;33.333336;75;88.2353;66.666664;66.666664;78.94737;73.68421;72.72727;73.91304;76.92308;90.4762;90.4762
El Salvador;SLV;2000;;;;;;;;;;;54.42359;61.477573;60.453403;65.80796;62.903225;65.180466;62.32143;61.36364;65.27546;59.31624;66.49917;67.651886;66.773155;65.70973;66.34615;59.400997;61.12957;71.76685;74.10882;69.28214;79.39297
Somalia;SOM;2000;;;;;;;;;;;0;0;0;0;0;0;0;0;0;0;0;0;0;0;0;0;2.9411764;5.714286;5.714286;5.714286;7.894737
Saint Pierre and Miquelon;SPM;2000;;;;;;;;;;;0;0;0;0;0;0;0;0;0;0;0;0;0;0;0;0;0;0;0;0;0
Serbia;SRB;1990;19.219912;25.404833;26.7269;26.90254;28.942245;30.764448;35.530792;29.838024;29.293217;36.133636;30.735523;30.36537;29.873644;25.510801;28.556065;31.818182;28.854197;26.299694;25.964151;27.950146;31.774454;22.803787;25.697708;26.05149;32.98445;26.895449;28.127428;25.493963;29.724571;28.513292;27.42412
South Sudan;SSD;2012;;;;;;;;;;;;;;;;;;;;;;;0;0;0;0;0;0;1.7857143;1.7857143;1.8518518
Sao Tome and Principe;STP;2000;;;;;;;;;;;33.333336;0;33.333336;33.333336;25;0;25;25;20;20;0;16.666668;16.666668;14.285714;12.5;12.5;11.111111;11.111111;11.111111;11.111111;10
Suriname;SUR;2000;;;;;;;;;;;50.714287;51.40845;51.748253;52.083332;52.41379;53.94737;55.12821;55.12821;55.12821;55.12821;71.42858;54.497356;43.386242;43.229168;28.645834;25.128204;41.666668;49.468086;52.910053;49.230766;51.041668
Slovakia;SVK;1990;54.60965;53.998352;55.895008;62.203743;66.58815;61.748013;60.801258;60.423317;60.86281;62.575596;68.551;69.682686;72.62275;69.25065;69.49097;71.506065;73.11759;72.79914;74.03411;73.38741;74.835884;72.350235;74.22096;77.63713;80.39941;79.879425;80.20989;79.22316;77.71923;77.79354;78.18309
Slovenia;SVN;1990;60.852093;67.18995;59.88655;58.577408;62.141193;62.24807;63.754787;61.53262;61.880466;63.876312;63.629684;63.052486;61.232872;59.942154;63.326782;62.541367;61.21774;60.37234;64.472885;64.91763;64.02214;63.442215;63.408356;65.88608;75.62682;67.567566;66.42021;66.853584;68.23821;68.34487;70.633514
Sweden;SWE;1990;97.70517;96.5299;95.87474;95.18794;94.29573;94.739685;91.223946;95.14107;95.522385;95.54379;96.71556;96.18192;94.92842;93.17527;96.03138;96.994385;96.34282;97.02996;96.93129;96.61786;94.25396;96.19377;97.54251;97.46455;98.09183;98.055565;97.65219;97.88711;97.75955;98.010925;98.5103
Eswatini;SWZ;2000;;;;;;;;;;;90.16393;90.47619;90.769226;89.28571;88.67925;90;90;90.47619;90;90.47619;90.625;95.77465;94.5946;95.06173;93.84616;92.72727;92.85714;94.02985;94.666664;94.3662;94.5946
Seychelles;SYC;2000;;;;;;;;;;;0;0;0;0;0;0;0;0;0;0;0;0;0;2.4390244;2.3809524;2.2727273;2.1276596;2.0833335;2.0408163;7.54717;11.666666
Syria;SYR;2000;;;;;;;;;;;13.472803;13.428121;9.286523;9.87831;13.684211;13.025083;11.167801;9.501643;7.4083633;4.6044574;5.9374285;8.2933;9.710495;12.5210085;11.592039;2.4764152;5.413271;4.372843;4.4340725;4.5783134;4.8101263
Turks and Caicos Islands;TCA;2000;;;;;;;;;;;0;0;0;0;0;0;0;0;0;0;0;0;0;0;0;0;0;0;0;0;0
Chad;TCD;2000;;;;;;;;;;;11.111111;10;10;9.090909;8.333334;8.333334;7.692308;0;0;5.5555553;5.263158;5.263158;0;0;0;0;3.448276;3.3333333;3.3333333;3.2258065;3.448276
Togo;TGO;2000;;;;;;;;;;;58.82353;41.666668;59.999996;70.588234;44.444443;38.888885;42.857143;49.999996;75;78.57143;52.941177;83.333336;81.818184;40;60;16.216215;46.511627;27.272728;36.842106;35.714287;25.862072
Thailand;THA;1990;11.164903;9.048247;7.329365;5.750053;6.2647166;8.447449;8.531997;7.938052;6.0294333;4.2754407;7.126103;7.061527;7.944477;7.6718354;6.516355;6.0325203;7.598855;7.708585;6.562546;6.626331;5.708583;8.039962;8.539612;7.6765037;8.395728;7.994962;8.984024;10.957095;14.190005;14.700173;13.796373
Tajikistan;TJK;2000;;;;;;;;;;;98.497856;98.80534;99.14134;99.02021;99.14216;99.29077;98.62769;97.80601;97.939964;98.62155;99.815605;99.75125;99.583336;99.76387;99.06191;99.11661;96.71168;94.85458;93.48049;93.10345;91.789154
Turkmenistan;TKM;1990;0.020533882;0.020062193;0.031859696;0.03956698;0.038022812;0.040383648;0.04935834;0.052642662;0.06372133;0.05643341;0;0;0;0;0;0;0;0;0;0;0;0;0;0;0;0;0;0;0;0;0
East Timor;TLS;2003;;;;;;;;;;;;;;0;0;0;0;0;0;0;0;0;0;0;0;0;0;0;0;0;0
Tonga;TON;2000;;;;;;;;;;;0;0;0;0;0;0;0;0;0;0;0;0;0;0;0;0;0;16.666668;14.285714;14.285714;14.285714
Trinidad and Tobago;TTO;1990;0.866648;0.672043;0.75452715;0.73356044;0.78643405;0.7661945;0.3743669;0.36086607;0.34822983;0.34305316;0.5836576;0.5660377;0.5660377;0.49586776;0.49668875;0.60240966;0.5925926;0.41551247;0;0;0;0;0;0;0;0.11098779;0.11286682;0.11402508;0.11520737;0.11574074;0.12180268
Tunisia;TUN;2000;;;;;;;;;;;0.8032128;0.6535948;0.80862534;1.6281062;1.5459723;1.387818;0.9789157;0.6965944;0.5181347;1.2543553;1.270903;1.0437051;1.904762;2.5761125;3.303471;3.1607628;3.4072473;3.1298907;3.2786884;3.9902678;4.3411646
Turkey;TUR;1990;40.371914;37.848606;39.628803;46.18616;39.21869;41.56522;42.936962;38.9061;38.33198;29.98111;25.062334;19.919796;26.444479;25.487387;30.926939;24.599195;25.271046;19.048117;17.356663;19.59123;26.400076;25.335835;27.241205;28.857298;20.912487;32.014236;32.97161;29.43022;32.176003;43.680435;42.02082
Taiwan;TWN;1990;43.74899;39.713573;38.531418;33.58826;32.24541;30.453669;30.29013;27.936436;26.75707;25.917267;24.434965;22.725794;22.514725;21.310917;20.7384;20.566013;19.90329;19.775074;20.252087;21.116697;19.967213;19.866009;20.0097;20.422253;19.727467;17.745287;16.375277;12.422733;14.168138;16.890545;16.195225
Tanzania;TZA;2000;;;;;;;;;;;93.00411;97.05882;96.441284;96.94657;86.26761;62.09913;55.589127;69.95074;69.95305;65.66524;63.68932;49.500996;42.23035;38.82149;51.151318;43.75;45.193687;45.078457;38.642662;40.447956;46.3171
Uganda;UGA;2000;;;;;;;;;;;97.484276;97.484276;97.66082;97.22222;97.422676;94.35897;74.522285;71.5736;73.27586;62.916664;59.107807;61.685825;80.61224;94.5946;89.67972;89.89548;92.30769;93.35038;92.80743;97.92147;97.07866
Ukraine;UKR;1990;29.030207;31.184689;32.351772;37.560402;39.939823;41.5179;48.25492;50.213696;52.69621;50.24427;51.742863;51.050285;50.492596;50.321865;54.279747;54.413425;53.376804;52.51861;52.788452;54.74024;54.305687;52.038986;51.104053;50.756283;54.159798;58.605545;55.384995;62.466003;61.568604;62.144634;63.240257
Uruguay;URY;2000;;;;;;;;;;;93.45795;99.344986;99.26392;99.06213;82.52595;88.09524;65.81353;89.547424;64.629845;69.090904;84.40617;73.384766;63.713478;82.18341;87.23735;85.9662;90.25455;90.73684;90.62069;88.224304;82.27474
United States;USA;1990;29.700468;30.456318;29.56135;29.139286;29.02471;30.472076;30.748165;29.259083;28.539993;29.336617;29.05815;28.138706;29.040926;28.765244;28.686348;28.129686;28.870703;27.865068;28.808554;30.823996;29.93359;31.792154;31.223783;32.28614;32.81242;33.14577;34.998875;37.315506;36.659092;37.75918;39.8518
Uzbekistan;UZB;1990;11.802929;11.134497;12.337216;14.970803;14.970713;13.040273;14.366235;12.54397;12.5446615;12.545182;13.128806;13.125695;13.11335;16.107668;18.818565;18.820522;10.592255;10.334005;11.044776;14.394619;16.46032;11.315842;13.140578;10.945371;11.402011;12.832264;12.946428;14.381675;9.8435135;10.7636;8.956025
Saint Vincent and the Grenadines;VCT;2000;;;;;;;;;;;33.333332;20;20;20;25;23.076923;16.666668;15.384616;15.384616;15.384616;21.428572;21.428572;21.428572;15.384616;7.692308;14.285714;13.333333;14.285714;14.285714;14.285714;26.666666
Venezuela;VEN;1990;62.343864;70.3254;70.093414;68.429855;72.00685;70.05147;71.2375;73.358444;71.59473;75.2001;74.723694;68.212906;68.020775;67.133415;72.1027;75.41177;74.865616;73.52468;73.812996;72.92203;68.61967;71.98227;68.55118;68.977005;63.51769;62.29027;59.6389;59.885387;59.884857;59.89163;66.43676
British Virgin Islands;VGB;2000;;;;;;;;;;;0;0;0;0;0;0;0;0;0;0;0;0;0;0;0;0;0;0;0;0;0
United States Virgin Islands;VIR;2000;;;;;;;;;;;0;0;0;0;0;0;0;0;0;0;0;0;0;0;1.4285715;1.4492754;1.4705882;1.8867925;1.6393442;1.6129032;1.5625
Vietnam;VNM;1990;61.847717;68.58849;74.47707;74.70456;75.21973;72.24194;70.868744;60.92933;51.157322;58.46598;54.781628;59.490356;50.837994;46.396286;38.571426;31.835636;34.145077;35.09975;36.68781;37.264385;31.203663;40.577282;46.391663;46.56918;44.106194;36.359608;36.671406;45.949894;40.733303;31.940903;36.29567
Vanuatu;VUT;2000;;;;;;;;;;;0;0;0;0;0;0;0;0;0;0;0;16.666668;16.666668;28.571428;28.571428;28.571428;28.571428;16.666668;28.571428;28.571428;28.571428
Samoa;WSM;2000;;;;;;;;;;;50;54.545456;58.333336;54.545456;54.545456;54.545456;45.454544;45.454544;45.454544;45.454544;45.454544;41.666668;36.363636;27.272728;25;30.769232;35.714287;35.714287;40;40;37.5
Yemen;YEM;2000;;;;;;;;;;;0;0;0;0;0;0;0;0;0;0;0;0;0;0;0.1388889;2.023609;3.539823;4.973822;14.545455;14.076246;15.170279
South Africa;ZAF;1990;5.656418;6.608998;5.972991;4.23626;5.9282293;6.3378963;6.5739756;7.0758977;7.5116615;6.7779245;7.5329566;6.706014;7.269512;6.3462243;6.8392916;6.103307;5.642434;5.6318626;5.9859595;5.798791;6.342086;6.311096;5.836447;6.3854766;7.668245;7.3553505;9.703801;10.563262;9.610598;11.15706;11.015995
Zambia;ZMB;2000;;;;;;;;;;;99.09794;99.11392;99.013565;99.03147;99.172585;99.0991;99.171844;99.37499;99.57851;99.49291;99.51969;99.563324;99.51299;99.62208;97.562675;97.30539;94.4062;87.53463;86.11284;86.0259;86.75497
Zimbabwe;ZWE;2000;;;;;;;;;;;51.038578;42.875988;50.121063;65.105385;61.42402;57.522125;70.96355;74.69388;78.34912;77.91843;70.497635;61.633114;63.60582;57.88337;59.62925;57.188496;48.68035;58.503407;59.412407;55.582527;55.204216
